district,urban_rural,deaths,injured,serious_injuries,attacker_deaths,attacker_injured,casualty_asof,casualty_note,involves_children,victim_relation,age,sex,occupation,motive_summary,mental_health,prior_violence,warning_signals,intervention,outcome,judgment_date,execution_date,last_source_date,notes,deaths_lower_bound,injured_lower_bound,motive_tags,motive_basis,evidence_level,official_occurrence,official_classification,classification_evidence,id,date,date_precision,title,province,city,scene,method,category,classification_reason,source_ids,field_sources,reported_date,review_year,dating_note,review_batch,injured_reported,series_id,additional_collision_injured,response_injured,event_total_injured_reported,motive_attribution,date_time,continuous_attack,motive_themes,verification_gaps,social_source_urls,year,month,quarter,category_label,official,same_period,motive_known,deaths_min,injured_min,classification_evidence_basis,demographics_asof,demographics_basis,driver_deaths
,,,,,,,,,,,,,,,,,,,,,,2026-02-16,具名指控不转化为已认定犯罪；不保存私宅位置。,,,[],未知,网传待核,False,False,网传线索，未独立核实,LX26A05,,unknown,网传郴州德润龙庭开发商车辆冲撞业主事件,湖南,郴州,社区住宅,驾车,pending,举报指向开发商与维权业主一家，尚无无关公众目标证据；事件细节、故意性、处罚决定未取得独立核实。,"[""LXS26A09"", ""LXS26A10"", ""LXS26A01""]","{""date"": [], ""location"": [""LXS26A09"", ""LXS26A10""], ""casualties"": [], ""classification"": [""LXS26A09"", ""LXS26A10""], ""motive"": [], ""outcome"": []}",2026-02-12,2026,原帖为举报投稿，未写案发日；汇总把发帖日写成2月12日，不据此定年或月。,2026-X补查,,,,,,,,,[],举报指向开发商与维权业主一家，尚无无关公众目标证据；事件细节、故意性、处罚决定未取得独立核实。,"[""https://x.com/whyyoutouzhele/status/2021957529614659891"", ""https://x.com/whyyoutouzhele/status/2023245955009818757"", ""https://x.com/whyyoutouzhele/status/2039625155404509246""]",,,,待核实,False,False,False,0,0,,,,
,,,,,,,,投稿称1死与精神病，均不录为确认字段。,,,,,,,,,,,,,,2026-02-21,,,,[],未知,网传待核,False,False,网传线索，未独立核实,LX26A06,,unknown,网传开封街头一男子遭持刀袭击,河南,开封,街道交通,持械,pending,原帖仅有近日的网络影像描述；日期、被害关系、死伤及故意袭击背景均未核实。,"[""LXS26A11"", ""LXS26A01""]","{""date"": [], ""location"": [""LXS26A11""], ""casualties"": [], ""classification"": [""LXS26A11""], ""motive"": [], ""outcome"": []}",2026-02-21,2026,原帖只写近日，汇总2月21日是发帖日而非已核案发日。,2026-X补查,,,,,,,,,[],原帖仅有近日的网络影像描述；日期、被害关系、死伤及故意袭击背景均未核实。,"[""https://x.com/whyyoutouzhele/status/2025057897718124649"", ""https://x.com/whyyoutouzhele/status/2039625155404509246""]",,,,待核实,False,False,False,0,0,,,,
西城,,1,14,,,,2019-06-13,,,无关顾客和员工,,男,,法院认定为发泄个人不满情绪，具体不满事项未披露。,,,法院认定事前踩点并准备工具，未见事前被外界发现的证据。,警方到场后对峙并将其制服。,一审死刑；本轮未找到后续执行公告。,2019-06-13,,2019-06-13,,,,"[""泄愤""]",法院认定,官方转载,True,True,官方事实直接支持；法院查明预谋到繁华公共场所杀害无辜群众，实际攻击顾客和员工，官方描述直接支持针对无关公众。,A001,2018-02-11,day,北京西单大悦城持械袭击,北京,北京,商业场所,持械,core,法院认定预谋到繁华公共场所杀害无辜群众，受害人为餐厅顾客、员工。,"[""AS001""]","{""date"": [""AS001""], ""location"": [""AS001""], ""casualties"": [""AS001""], ""classification"": [""AS001""], ""motive"": [""AS001""], ""outcome"": [""AS001""]}",,,,,,,,,,,,,"[""泄愤／转移报复""]",,,2018,2018-02,2018-Q1,核心,True,True,True,1,14,,,,
,,1,1,,,,2020-04-17,,,前女友及其孪生姐姐,,男,,分手后预谋报复。,,,,,一审死刑。,2020-04-10,,2020-04-17,,,,"[""感情纠纷""]",法院认定,官方转载,True,False,媒体调查／研究推断,A043,2018-03-20,day,厦门王某定向袭击前女友及其姐姐（排除）,福建,厦门,社区住宅,持械,excluded,预先选择前女友和其孪生姐姐报复，非现场随机选择；即使法院称被害人无辜，也不等于对象不特定。,"[""AS029""]","{""date"": [""AS029""], ""location"": [""AS029""], ""casualties"": [""AS029""], ""classification"": [""AS029""], ""motive"": [""AS029""], ""outcome"": [""AS029""]}",,,,,,,,,,,,,"[""婚姻／家庭／感情问题""]",,,2018,2018-03,2018-Q1,排除,False,True,True,1,1,,,,
兴宁,,1,3,,,,2018-04-17,,True,报道为路过母婴和两名劝阻群众,,男,,,,,,群众阻止；当日16时警方已控制嫌疑人。,被控制；未找到判决。,,,2018-04-17,未将目击者估计年龄和初步精神异常推测当作确证。,,,[],未知,单一媒体,False,False,媒体调查／研究推断,A002,2018-04-16,day,南宁昆仑大道大乌村路口袭击,广西,南宁,街道交通,持械,pending,警方证实事件和伤亡；无故袭击路过母婴的依据为广西新闻频道一次现场调查，两转载不作独立多源，待补裁判或第二独立报道。,"[""AS002"", ""AS003""]","{""date"": [""AS002"", ""AS003""], ""location"": [""AS002"", ""AS003""], ""casualties"": [""AS002"", ""AS003""], ""classification"": [""AS002"", ""AS003""], ""motive"": [], ""outcome"": [""AS002"", ""AS003""]}",,,,,,,,,,,,,[],,,2018,2018-04,2018-Q2,待核实,False,True,False,1,3,,,,
英德,,18,,1,,,2019-12-25,采用18名受害人死亡。伤者存在3名与4名的司法表述差异，精确值留空，最低已知3名；不直接沿用初报5伤。,,,,男,,最高法概述个人琐事不满；案情回顾指交往受拒、交易争执后愤怒。,,,报道提到事前扬言烧毁KTV，同行朋友曾阻拦。,朋友阻止未果；当日被抓获。,死刑并已执行。,,2019-12-24,2019-12-25,,,3,"[""人际纠纷"", ""泄愤""]",法院认定,官方转载,True,False,官方确认发生；随机性／扩大关系含研究解释；法院材料明确个人纠纷后在KTV纵火及群体伤亡，但现有摘录未明确原始攻击对象、受害关系及扩大过程；归为纠纷扩大包含研究者根据场景的解释。只降低官方分类敏感性标签，不否定纵火事实。,A003,2018-04-24,day,英德KTV纵火,广东,清远,商业场所,纵火,expanded,KTV内个人交往和交易纠纷后放火，危及大量与原纠纷无关的场所人员。,"[""AS004""]","{""date"": [""AS004""], ""location"": [""AS004""], ""casualties"": [""AS004""], ""classification"": [""AS004""], ""motive"": [""AS004""], ""outcome"": [""AS004""]}",,,,,最高法复核列1重伤2轻伤；同篇前期案情另列1轻微伤。,,,,,,,,"[""其他已披露背景"", ""泄愤／转移报复""]",,,2018,2018-04,2018-Q2,纠纷扩大,False,True,True,18,3,,,,
米脂,,9,12,4,,,2018-09-27,法院后续口径为9死12伤，取代初报9死10伤；部分汇编9死19伤不采。,True,无关在校学生,,男,,工作生活挫折和对就读时被欺负的怨恨，转为报复无关学生。,,,,教师、保安及学生合力制止。,死刑并已执行。,2018-07-10,2018-09-27,2018-09-27,,,,"[""生活挫折"", ""转移报复""]",法院认定,官方转载,True,True,官方事实直接支持；法院明确未找到旧同学后改为袭击放学学生，原怨恨对象与实际受害者分离。,A004,2018-04-27,day,米脂三中周边持刀袭击学生,陕西,榆林,校园及周边,持械,core,法院明确原怨恨对象未找到，改为袭击与原纠纷无关的放学学生。,"[""AS005"", ""AS006""]","{""date"": [""AS005"", ""AS006""], ""location"": [""AS005"", ""AS006""], ""casualties"": [""AS005"", ""AS006""], ""classification"": [""AS005"", ""AS006""], ""motive"": [""AS005"", ""AS006""], ""outcome"": [""AS005"", ""AS006""]}",,,,,,,,,,,,,"[""泄愤／转移报复"", ""生活受挫／疏离／厌世""]",,,2018,2018-04,2018-Q2,核心,True,True,True,9,12,,,,
,,0,3,,,,2018-05-14,3名伤者在通报时伤情稳定。,,参与阻止的群众、辅警、交通劝导员,62,男,,,,,,,被采取刑事强制措施；未检出裁判。,,,2018-05-14,,,,[],未知,官方转载,True,False,媒体调查／研究推断,A005,2018-05-13,day,成都盐市口车辆冲撞,四川,成都,街道交通,驾车,pending,已证实冲撞及涉嫌危害公共安全，但通报未明确主动以无关行人为攻击目标，不仅凭罪名纳入。,"[""AS007""]","{""date"": [""AS007""], ""location"": [""AS007""], ""casualties"": [""AS007""], ""classification"": [""AS007""], ""motive"": [], ""outcome"": [""AS007""]}",,,,,,,,,,,,,[],,,2018,2018-05,2018-Q2,待核实,False,True,False,0,3,,,,
路北,,7,10,2,,,2019-06-12,,,道路行人,,男,,,,,,,死刑二审维持；未检出执行公告。,2019-06-12,,2019-06-12,饮酒属于已报道状态，具体报复动机不明，留空。,,,[],未知,官方转载,True,False,官方确认发生；随机性／扩大关系含研究解释；法院明确故意、连续冲撞多名行人，足以确认攻击发生与故意性；现有材料未明确随机选择或受害人与嫌犯的关系。核心主分析保留，严格官方分类敏感性按研究解释处理。,A006,2018-06-06,day,唐山煤医道等路段故意驾车撞人,河北,唐山,街道交通,驾车,core,法院查明故意连续冲撞多名行人，非仅依据交通事故伤亡人数判断。,"[""AS008""]","{""date"": [""AS008""], ""location"": [""AS008""], ""casualties"": [""AS008""], ""classification"": [""AS008""], ""motive"": [], ""outcome"": [""AS008""]}",,,,,,,,,,,,,[],,,2018,2018-06,2018-Q2,核心,False,True,False,7,10,,,,
未央,,4,7,0,,,2019-01-26,采用法院4死7轻伤，初报口径已被替代。,,,,男,,自称在公交车遭恶意扎针染病，因而产生报复社会念头；所谓扎针染病不是已证实事实。,,,,,一审死刑；本轮未核实后续执行。,2019-01-25,,2019-01-26,,,,"[""报复社会"", ""被害归因""]",法院认定,官方原文,True,True,官方事实直接支持；法院认定报复社会，连续攻击公交乘客及车外路人，官方披露的对象与行为过程支持公众目标。,A007,2018-06-22,day,西安302路公交车及周边持刀袭击,陕西,西安,公共交通,持械,core,法院认定报复社会，在公交车内及车外连续攻击乘客和路人。,"[""AS009""]","{""date"": [""AS009""], ""location"": [""AS009""], ""casualties"": [""AS009""], ""classification"": [""AS009""], ""motive"": [""AS009""], ""outcome"": [""AS009""]}",,,,,,,,,,,,,"[""其他已披露背景"", ""泄愤／转移报复""]",,,2018,2018-06,2018-Q2,核心,True,True,True,4,7,,,,
芝罘,,1,,,1,,2018-06-25,1名受害人死亡，另有嫌疑人1人死亡；10余伤保留原文及保守下限，不作精确数。,,道路行人,45,男,,,,,,警方制止无效后开枪击毙。,嫌疑人现场死亡。,,,2018-06-25,,,10,[],未知,官方原文,True,False,官方确认发生；随机性／扩大关系含研究解释；警方确认驾驶叉车撞击行人、制止无效后继续危害，但未明确目标选择及被害关系；不以道路场景和人数直接充当官方随机性认定。,A008,2018-06-25,day,烟台幸福中路叉车冲撞,山东,烟台,街道交通,驾车,core,警方确认叉车冲撞道路行人，制止无效后仍持续危害。,"[""AS010""]","{""date"": [""AS010""], ""location"": [""AS010""], ""casualties"": [""AS010""], ""classification"": [""AS010""], ""motive"": [], ""outcome"": [""AS010""]}",,,,,10余人,,,,,,,,[],,,2018,2018-06,2018-Q2,核心,False,True,False,1,10,,,,
徐汇,,2,2,0,,,2020-12-03,,True,无关儿童及家长,,男,,工作生活不顺而泄愤报复无辜者。,,,,,死刑并已执行。,,2020-12-03,2020-12-03,,,,"[""生活挫折"", ""泄愤""]",法院认定,官方转载,True,True,官方事实直接支持；法院明确工作生活不顺后为泄愤事先选择学校附近，杀害无辜儿童和家长。,A009,2018-06-28,day,上海浦北路小学周边袭击,上海,上海,校园及周边,持械,core,法院明确因个人不满杀害无辜儿童及家长，事先选择学校周边。,"[""AS011""]","{""date"": [""AS011""], ""location"": [""AS011""], ""casualties"": [""AS011""], ""classification"": [""AS011""], ""motive"": [""AS011""], ""outcome"": [""AS011""]}",,,,,,,,,,,,,"[""泄愤／转移报复"", ""生活受挫／疏离／厌世""]",,,2018,2018-06,2018-Q2,核心,True,True,True,2,2,,,,
隆回,,1,6,,,,2018-07-05,通报7名被砍者中1名死亡，因此幸存受伤6人；不将7伤再加1死。,True,,40,男,,,,警方通报有故意伤害前科。,,,逃离后被抓获。,,,2018-07-05,,,,[],未知,官方转载,True,False,媒体调查／研究推断,A045,2018-07-05,day,隆回南松村持刀伤人,湖南,邵阳,社区住宅,持械,pending,官方通报多人伤亡但未明确动机及被害人与嫌疑人关系，不能仅以有儿童受害认定随机。,"[""AS049""]","{""date"": [""AS049""], ""location"": [""AS049""], ""casualties"": [""AS049""], ""classification"": [""AS049""], ""motive"": [], ""outcome"": [""AS049""]}",,,,,,,,,,,,,[],,,2018,2018-07,2018-Q3,待核实,False,True,False,1,6,,,,
润州,,0,7,,,1,2018-08-21,8月21日警方通气会将初报5伤修订为7伤：另有2名伤势较轻者自行回家后被走访发现。7名受害者之外嫌疑人有伤并送医，另列attacker_injured=1；4人伤势较重不等于司法重伤。,,路人,30,男,,,警方转述家属称有精神病史，未见司法鉴定。,,,,现场被抓获。,,,2018-08-22,案发日为8月20日，非报道日8月21日。,,,[],未知,官方转载,True,True,官方事实直接支持；后续警方通气会披露持双刀沿多路段行凶，逃离中主动砍伤过路女子并抢夺其电动车；该官方具体攻击过程支持原纠纷之外的过路者目标，证据强于仅初报多名路人受伤。,A010,2018-08-20,day,镇江百盛家园南门持刀伤害路人,江苏,镇江,街道交通,持械,core,后续警方通气会披露持双刀沿多路段伤人，逃跑中主动砍伤过路女子并抢其电动车，支持向无关过路者实施主动袭击；不再仅以初报5名路人推断。,"[""AS012"", ""RS001""]","{""date"": [""AS012"", ""RS001""], ""location"": [""AS012"", ""RS001""], ""casualties"": [""RS001""], ""classification"": [""RS001""], ""motive"": [], ""outcome"": [""RS001""]}",,,,,,,,,,,,,[],,,2018,2018-08,2018-Q3,核心,True,True,False,0,7,警方通气会直接披露主动沿途袭击过路者,,,
衡东,,15,43,6,,,2019-01-29,法院后续为43伤；不采用部分汇编44伤。,,广场群众,,男,,因个人经历及不满产生报复社会念头。,,,,,死刑并已执行。,2018-12-12,2019-01-29,2019-01-29,,,,"[""报复社会""]",法院认定,官方转载,True,True,官方事实直接支持；法院认定个人怨恨后驾车冲撞广场公共人群并下车继续持械袭击，行为指向与原怨恨无关的在场公众。,A011,2018-09-12,day,衡东洣江广场驾车及持械袭击,湖南,衡阳,公园广场,复合,core,法院认定驾车及持械攻击广场公共人群，目标与其个人怨恨无关。,"[""AS013""]","{""date"": [""AS013""], ""location"": [""AS013""], ""casualties"": [""AS013""], ""classification"": [""AS013""], ""motive"": [""AS013""], ""outcome"": [""AS013""]}",,,,,,,,,,,,,"[""泄愤／转移报复""]",,,2018,2018-09,2018-Q3,核心,True,True,True,15,43,,,,
海淀,,0,2,,,,2019-10-09,1名全身软组织损伤、1名轻微伤。,,,,女,,家庭争执后的个人泄愤。,,,,群众报警，本人在现场等候。,一审有期徒刑6年。,,,2019-10-09,报道日为10月9日，实际宣判日只写近日，judgment_date留空。,,,"[""家庭纠纷"", ""转移报复""]",法院认定,官方转载,True,False,官方确认发生；随机性／扩大关系含研究解释；法院认定家庭争执后泄愤冲撞停放及正常行驶车辆，但现有记载未明确各被害人与原争执的关系；核心而非纠纷扩大的区分仍含研究解释，原理由中的未发现先攻击丈夫不构成正面证据。,A012,2018-09-12,day,北京海淀西山壹号院东门车辆冲撞,北京,北京,街道交通,驾车,core,法院认定为发泄家庭争执愤怒，肆意冲撞公共道路车辆；未发现先攻击丈夫的情节，按转移攻击无关人员归core。,"[""AS014""]","{""date"": [""AS014""], ""location"": [""AS014""], ""casualties"": [""AS014""], ""classification"": [""AS014""], ""motive"": [""AS014""], ""outcome"": [""AS014""]}",,,,,,,,,,,,,"[""婚姻／家庭／感情问题"", ""泄愤／转移报复""]",,,2018,2018-09,2018-Q3,核心,False,True,True,0,2,,,,
九龙坡,,0,5,,,,2018-11-15,3名候车学生、1名家长及1名司机共5伤；被劫持女孩未记受伤，不加数。,True,无关候车学生、家长、公交司机及被劫持女孩,44,男,,警方认定家庭变故后酒后泄愤。,,,,司机营救女孩并阻止抢车；嫌疑人逃离后50分钟被警方抓获。,刑事拘留；未检出后续裁判。,,,2018-11-15,,,,"[""家庭变故"", ""泄愤""]",警方初步通报,官方转载,True,True,官方事实直接支持；警方明确家庭变故后酒后泄愤，攻击候车学生家长并劫持车内女孩、伤害司机，官方过程直接支持无关公众目标。,A049,2018-10-10,day,重庆锦龙路公交站及891路公交车持械袭击,重庆,重庆,公共交通,持械,core,警方确认家庭变故后向候车学生家长泄愤，进一步劫持车内陌生女孩并攻击司机。,"[""AS053"", ""AS054""]","{""date"": [""AS053"", ""AS054""], ""location"": [""AS053"", ""AS054""], ""casualties"": [""AS053"", ""AS054""], ""classification"": [""AS053"", ""AS054""], ""motive"": [""AS053"", ""AS054""], ""outcome"": [""AS053"", ""AS054""]}",,,,,,,,,,,,,"[""婚姻／家庭／感情问题"", ""泄愤／转移报复""]",,,2018,2018-10,2018-Q4,核心,True,False,True,0,5,,,,
巴南,,0,14,,,,2018-10-27,重症临床描述未转化为司法重伤数；无人员死亡的警方澄清优先。,True,幼儿园儿童,39,女,,,,,,现场被抓获。,被控制；未检出公开终审。,,,2018-10-27,,,,[],未知,官方转载,True,False,官方确认发生；随机性／扩大关系含研究解释；公安负责人确认突然冲入幼儿群体持刀行凶，官方事实支持校园群体袭击；被害关系、原始目标及无关性没有明确披露，非特定私人对象为研究者依据场景作出的分类解释。,A013,2018-10-26,day,重庆鱼洞新世纪幼儿园袭击,重庆,重庆,校园及周边,持械,core,公安负责人明确突然冲入幼儿群体持刀行凶，非特定私人对象。,"[""AS015"", ""AS016""]","{""date"": [""AS015"", ""AS016""], ""location"": [""AS015"", ""AS016""], ""casualties"": [""AS015"", ""AS016""], ""classification"": [""AS015"", ""AS016""], ""motive"": [], ""outcome"": [""AS015"", ""AS016""]}",,,,,,,,,,,,,[],,,2018,2018-10,2018-Q4,核心,False,False,False,0,14,,,,
万州,,,,,,,2018-11-02,通报明确15名驾乘人员、打捞13名遗体；与随机袭击统计隔离，不把失联直接转换为精确死亡。,,司机与争执乘客、其他乘客,,,,坐过站后的争执与互殴。,,,,,双方均涉嫌危害公共安全；官方调查原因已公布。,,,2018-11-02,,13,,"[""乘车纠纷""]",警方初步通报,官方转载,True,False,媒体调查／研究推断,A014,2018-10-28,day,重庆万州公交车坠江（排除）,重庆,重庆,公共交通,驾车,excluded,官方查明由司机与乘客争执互殴导致车辆失控，缺少主动以无关乘客为攻击目标的证据。,"[""AS017""]","{""date"": [""AS017""], ""location"": [""AS017""], ""casualties"": [""AS017""], ""classification"": [""AS017""], ""motive"": [""AS017""], ""outcome"": [""AS017""]}",,,,,,,,,,,,,"[""其他已披露背景""]",,,2018,2018-10,2018-Q4,排除,False,False,True,13,0,,,,
建昌,,6,20,,,,2019-07-09,6名死者均为儿童。,True,学生及带队教师,,男,,经济压力、婚姻及人际问题等不满。,,,,,一审死刑；未核实执行公告。,2019-07-09,,2019-07-09,,,,"[""经济压力"", ""婚姻矛盾"", ""泄愤""]",法院认定,官方转载,True,True,官方事实直接支持；法院认定经济、婚姻等个人不满后蓄意冲撞学生队伍，官方行为事实支持将个人不满转向无关学生。,A015,2018-11-22,day,建昌二小周边驾车撞学生,辽宁,葫芦岛,校园及周边,驾车,core,法院查明因个人生活问题蓄意冲撞无关学生队伍。,"[""AS018""]","{""date"": [""AS018""], ""location"": [""AS018""], ""casualties"": [""AS018""], ""classification"": [""AS018""], ""motive"": [""AS018""], ""outcome"": [""AS018""]}",,,,,,,,,,,,,"[""婚姻／家庭／感情问题"", ""泄愤／转移报复"", ""经济／工作／财产纠纷""]",,,2018,2018-11,2018-Q4,核心,True,False,True,6,20,,,,
夹江,,0,,1,,,2020-10-18,16名达到列明司法伤情，另有多人受伤；不把16当全体伤者，保守下限取17，精确值未知。,,公交乘客,,男,,土地补偿及家庭问题引发不满，转向报复社会。,,,,,死刑缓期二年执行、限制减刑，二审维持。,2019-11-15,,2020-10-18,,,17,"[""土地补偿纠纷"", ""家庭纠纷"", ""报复社会""]",法院认定,官方转载,True,True,官方事实直接支持；法院认定为报复社会在公交车引爆爆炸物，攻击目标为公共交通乘客。,A016,2018-12-05,day,夹江3路公交车爆炸,四川,乐山,公共交通,爆炸,core,法院认定为报复社会而袭击公交车上的无关乘客。,"[""AS019""]","{""date"": [""AS019""], ""location"": [""AS019""], ""casualties"": [""AS019""], ""classification"": [""AS019""], ""motive"": [""AS019""], ""outcome"": [""AS019""]}",,,,,法院列16名受司法鉴定伤者及其他多人受伤；初报17人。,,,,,,,,"[""婚姻／家庭／感情问题"", ""泄愤／转移报复"", ""经济／工作／财产纠纷""]",,,2018,2018-12,2018-Q4,核心,True,False,True,0,17,,,,
新罗,,8,25,,,,2019-01-29,采用法院后续8死25伤；不沿用初报5死或8死22伤。,,原有特定对象及沿途无关群众,48,男,无业,原有人际矛盾后袭击，继而劫持车辆危害公共安全。,,,,,一审死刑；部分汇编称2019年8月执行，本轮未打开可靠原文核实，不录入执行日。,2019-01-28,,2019-01-30,,,,"[""人际纠纷"", ""扩大报复""]",警方初步通报,官方转载,True,True,官方事实直接支持；法院和公安调查明确先因积怨攻击居委会等相关人员，随后劫持公交冲撞沿途群众，原目标到无关公众的扩大过程直接可见。,A017,2018-12-25,day,龙岩持刀袭击及劫持公交车冲撞,福建,龙岩,公共交通,复合,expanded,先攻击与本人相关的人员，继而劫车冲撞沿途无关群众，扩展到不特定人员。,"[""AS020"", ""AS055""]","{""date"": [""AS020""], ""location"": [""AS020""], ""casualties"": [""AS020""], ""classification"": [""AS055""], ""motive"": [""AS055""], ""outcome"": [""AS020""]}",,,,,,,,,,,,,"[""其他已披露背景""]",,,2018,2018-12,2018-Q4,纠纷扩大,True,False,True,8,25,,,,
西城,,0,20,,,,2019-01-08,3人伤势较重属临床初报，未写入司法重伤字段。,True,无关小学生,49,男,学校维修劳务人员,劳务合同到期续聘问题引发不满。,,,,现场控制嫌疑人并救治学生。,嫌疑人被控制；未找到裁判。,,,2019-01-08,,,,"[""工作纠纷"", ""转移报复""]",警方初步通报,官方转载,True,True,官方事实直接支持；官方发布会明确维修劳务合同纠纷后转而伤害20名小学生，原纠纷是劳动聘用问题，实际受害者是学生群体。,A018,2019-01-08,day,北京宣师一附小持械伤害学生,北京,北京,校园及周边,持械,core,为维修劳务合同问题不满而转向无关学生。,"[""AS021""]","{""date"": [""AS021""], ""location"": [""AS021""], ""casualties"": [""AS021""], ""classification"": [""AS021""], ""motive"": [""AS021""], ""outcome"": [""AS021""]}",,,,,,,,,,,,,"[""泄愤／转移报复"", ""经济／工作／财产纠纷""]",,,2019,2019-01,2019-Q1,核心,True,True,True,0,20,,,,
虎门镇,,1,8,,,,2019-01-15,2人伤情较重、6人较轻为初报临床描述。,,,,男,,,,,,,被抓获；具体原因在调查。,,,2019-01-15,不因排除涉恐或多人受害自动认定随机。,,,[],未知,官方转载,True,False,媒体调查／研究推断,A019,2019-01-14,day,东莞虎门怀德社区持刀伤人,广东,东莞,街道交通,持械,pending,警方确认发生，但本轮可靠资料未明确受害者与嫌疑人关系及选择目标方式。,"[""AS022""]","{""date"": [""AS022""], ""location"": [""AS022""], ""casualties"": [""AS022""], ""classification"": [""AS022""], ""motive"": [], ""outcome"": [""AS022""]}",,,,,,,,,,,,,[],,,2019,2019-01,2019-Q1,待核实,False,True,False,1,8,,,,
仓山,,1,19,,,,2019-01-15,1名伤者危重为临床描述。,,原纠纷对象及无关路人,48,男,,与前妻及其男友的感情纠纷后，伤害扩大到无关路人。,,,,,逃跑后跳河，通报时下落不明；未找到后续。,,,2019-01-15,,,,"[""感情纠纷"", ""扩大伤害""]",警方初步通报,官方转载,True,True,官方事实直接支持；警方续报明确起因为与前妻及其男友纠纷，逃跑途中继续伤害路人并抢车，扩大过程直接披露。,A020,2019-01-14,day,福州仓山红江路等处持刀伤人,福建,福州,街道交通,持械,expanded,从与前妻男友的纠纷转为逃跑途中伤害无关路人。,"[""AS023""]","{""date"": [""AS023""], ""location"": [""AS023""], ""casualties"": [""AS023""], ""classification"": [""AS023""], ""motive"": [""AS023""], ""outcome"": [""AS023""]}",,,,,,,,,,,,,"[""其他已披露背景"", ""婚姻／家庭／感情问题""]",,,2019,2019-01,2019-Q1,纠纷扩大,True,True,True,1,19,,,,
会宁,,8,7,,,,2019-02-08,,True,村民家庭，多户具体关系未完全核实,,男,,警方转述供述：怀疑妻子与他人存在不正当关系而报复。,,,,,当日被抓获；未取得裁判。,,,2019-02-08,媒体转述的邻里纠纷、家暴、纵火需裁判佐证；不将其直接扩展为已查明案情。,,,"[""婚姻纠纷""]",警方初步通报,官方转载,True,False,媒体调查／研究推断,A046,2019-02-05,day,会宁多户村民住宅伤人,甘肃,白银,社区住宅,持械,pending,警方初报指婚姻猜疑下定向进入村民家报复；是否涉及无关对象未充分披露，不按多人伤亡认定随机，也不武断将全案排除。,"[""AS050""]","{""date"": [""AS050""], ""location"": [""AS050""], ""casualties"": [""AS050""], ""classification"": [""AS050""], ""motive"": [""AS050""], ""outcome"": [""AS050""]}",,,,,,,,,,,,,"[""其他已披露背景""]",,,2019,2019-02,2019-Q1,待核实,False,True,True,8,7,,,,
吉州,,0,11,,,,2019-02-21,,True,学生、辅警及路人，关系细节未披露,33,男,,,警方转述家属称有精神病治疗史，未见司法鉴定。,,,执勤民警和群众迅速控制。,被控制；后续司法处置未核实。,,,2019-02-21,,,,[],未知,官方转载,True,False,媒体调查／研究推断,A021,2019-02-21,day,吉安韶山西路学校周边持刀伤人,江西,吉安,校园及周边,持械,pending,警方确认事件及11伤；无关路人、随机选择方式主要见媒体叙述，尚未检出明确官方性质认定或两家独立原始调查。,"[""AS024"", ""AS025""]","{""date"": [""AS024"", ""AS025""], ""location"": [""AS024"", ""AS025""], ""casualties"": [""AS024"", ""AS025""], ""classification"": [""AS024"", ""AS025""], ""motive"": [], ""outcome"": [""AS024"", ""AS025""]}",,,,,,,,,,,,,[],,,2019,2019-02,2019-Q1,待核实,False,True,False,0,11,,,,
,,1,3,,,,2019-03-01,,,有既往矛盾的同班同学,,男,学生,同学间矛盾。,,,,,被抓获。,,,2019-03-01,,,,"[""同学纠纷""]",警方初步通报,官方转载,True,False,媒体调查／研究推断,A047,2019-02-26,day,平顶山财经学校同学纠纷伤人（排除）,河南,平顶山,校园及周边,持械,excluded,警方及采访表明系与特定同学的既有矛盾，未见扩大到无关学生证据。,"[""AS051""]","{""date"": [""AS051""], ""location"": [""AS051""], ""casualties"": [""AS051""], ""classification"": [""AS051""], ""motive"": [""AS051""], ""outcome"": [""AS051""]}",,,,,,,,,,,,,"[""其他已披露背景""]",,,2019,2019-02,2019-Q1,排除,False,True,True,1,3,,,,
丰润,,,,,,,2019-03-14,,True,,54,男,,,,,,,报道引述警方称嫌疑人已控制。,,,2019-03-14,12月开庭存在二手汇编线索，尚未取得原法院公告，未记录判决。,,,[],未知,单一媒体,False,False,媒体调查／研究推断,A022,2019-03-14,day,唐山丰润光华道小学周边伤害学生,河北,唐山,校园及周边,持械,pending,本轮仅获取媒体对通报的转述及网传人数，随机性和完整伤亡需再核，不把17人作为确数。,"[""AS026""]","{""date"": [""AS026""], ""location"": [""AS026""], ""casualties"": [""AS026""], ""classification"": [""AS026""], ""motive"": [], ""outcome"": [""AS026""]}",,,,,受伤学生人数未由已核对官方材料明确；网传17人不采入精确字段。,,,,,,,,[],,,2019,2019-03,2019-Q1,待核实,False,True,False,0,0,,,,
枣阳,,6,8,,1,,2019-03-22,官方6名受害人死亡（5成人1未成年）、8伤（含妻女），另嫌疑人1死。部分转述7死7伤将嫌疑人或初报混入，不采。,True,妻女及无关行人,44,男,餐馆店主,,邻居声称有精神病史，警方当时仍在调查；非鉴定结论。,,,民警将持续行凶者击毙。,嫌疑人现场死亡。,,,2019-03-22,,,,[],未知,官方转载,True,True,官方事实直接支持；市政府通报明确先伤害妻女，随后驾车冲撞街道行人，特定家属目标到其他公众的过程明确。,A023,2019-03-22,day,枣阳姚岗社区驾车冲撞行人,湖北,襄阳,街道交通,复合,expanded,先伤害妻女，随后驾车攻击街道无关行人。,"[""AS027""]","{""date"": [""AS027""], ""location"": [""AS027""], ""casualties"": [""AS027""], ""classification"": [""AS027""], ""motive"": [], ""outcome"": [""AS027""]}",,,,,,,,,,,,,[],,,2019,2019-03,2019-Q1,纠纷扩大,True,True,False,6,8,,,,
宁远,,2,2,,,,2020-01-13,另有检方资料细分1重伤1轻伤，但本记录仅保留已打开来源支持的2伤。,True,无关在校学生,31,男,,,司法材料记载精神分裂症现症期，限制刑事责任能力；不将诊断自动编码为动机。,,此前多轮检查已指出门卫和出入管理问题，未有效整改。,,袭击者被捕；所检得判决为校长与门卫责任案，不能作为袭击者终审判决。,,,2020-01-13,,,,[],未知,官方转载,True,True,官方事实直接支持；司法材料披露产生杀害儿童想法后进入小学持续攻击学生，支持面向儿童群体的主动袭击；依据为法院描述的目标形成和行为过程，不只依据死伤人数。,A024,2019-04-03,day,宁远柏家坪完小持刀袭击学生,湖南,永州,校园及周边,持械,core,司法材料描述袭击者产生杀害儿童想法后进入小学攻击无关学生。,"[""AS028""]","{""date"": [""AS028""], ""location"": [""AS028""], ""casualties"": [""AS028""], ""classification"": [""AS028""], ""motive"": [], ""outcome"": [""AS028""]}",,,,,,,,,,,,,[],,,2019,2019-04,2019-Q2,核心,True,True,False,2,2,,,,
,,1,1,0,,,2020-04-17,1名受害人死亡、另1名轻微伤；行为人自焚伤情未给数值。,,随机选择的独行女性,,男,馒头店经营者,经营受查、赌博损失、婚姻破裂等个人挫折后报复社会。,,,,警方追捕并抓获。,故意杀人罪死刑、放火罪4年，决定执行死刑；执行未核实。,2020-04-10,,2020-04-17,,,,"[""经济损失"", ""婚姻矛盾"", ""报复社会""]",法院认定,官方转载,True,True,官方事实直接支持；法院明确为报复社会连续寻找独行女性袭击，实际被害人与个人经营及婚姻问题无关。,A025,2019-04-30,day,厦门彭某随机袭击女子及纵火,福建,厦门,街道交通,复合,core,法院明确以杀人报复社会为目的，连续寻找独行女性袭击，与其经营及家庭问题无关。,"[""AS029""]","{""date"": [""AS029""], ""location"": [""AS029""], ""casualties"": [""AS029""], ""classification"": [""AS029""], ""motive"": [""AS029""], ""outcome"": [""AS029""]}",,,,,,,,,,,,,"[""婚姻／家庭／感情问题"", ""泄愤／转移报复"", ""经济／工作／财产纠纷""]",,,2019,2019-04,2019-Q2,核心,True,True,True,1,1,,,,
南山,,3,8,1,,,2019-12-24,1重伤5轻伤2轻微伤，法院精确8伤。,,,,男,,,确诊癫痫，属于神经系统疾病，不能作精神疾病动机。,,既往确诊及交通意外后仍驾驶。,,有期徒刑13年。,2019-12-23,,2019-12-24,,,,[],未知,官方转载,True,False,媒体调查／研究推断,A044,2019-05-16,day,深圳驾驶人癫痫发作车辆失控（排除）,广东,深圳,街道交通,驾车,excluded,法院明确疾病发作导致失控，虽罪名为危害公共安全且属间接故意，仍无主动随机攻击意图。,"[""AS048""]","{""date"": [""AS048""], ""location"": [""AS048""], ""casualties"": [""AS048""], ""classification"": [""AS048""], ""motive"": [], ""outcome"": [""AS048""]}",,,,,,,,,,,,,[],,,2019,2019-05,2019-Q2,排除,False,True,False,3,8,,,,
红谷滩,,1,0,,,,2020-06-04,,,陌生行人,,男,,,双相情感障碍缓解期，完全刑事责任能力。,,,警方寻找过程中主动投案。,二审维持死刑；未检出执行公告。,2020-06-04,,2020-06-04,不将未经本来源证实的赌博或就业传闻作为动机。,,,[],未知,官方转载,True,True,官方事实直接支持；法院查明尾随陌生女性后选择一人袭击，陌生目标关系直接披露。,A026,2019-05-24,day,南昌红谷滩随机杀害行人,江西,南昌,街道交通,持械,core,法院查明尾随经过的陌生女性并选择一人袭击。,"[""AS030""]","{""date"": [""AS030""], ""location"": [""AS030""], ""casualties"": [""AS030""], ""classification"": [""AS030""], ""motive"": [], ""outcome"": [""AS030""]}",,,,,,,,,,,,,[],,,2019,2019-05,2019-Q2,核心,True,True,False,1,0,,,,
,,0,8,,,,2019-06-21,2人在ICU是临床观察，不自动记为2名司法重伤。,True,同班学生，含劝阻者,16,男,学生,,教师称正在进行精神鉴定；结果未知，不记为确诊。,,,警方与学校工作人员当场制服。,被控制，后续司法结果未知。,,,2019-06-21,,,,[],未知,官方转载,True,False,媒体调查／研究推断,A048,2019-06-21,day,天门华泰中学早自习持刀伤人,湖北,天门,校园及周边,持械,pending,同班多人被伤且有劝阻者受伤，但未披露初始关系、纠纷或目标选择，随机性不明。,"[""AS052""]","{""date"": [""AS052""], ""location"": [""AS052""], ""casualties"": [""AS052""], ""classification"": [""AS052""], ""motive"": [], ""outcome"": [""AS052""]}",,,,,,,,,,,,,[],,,2019,2019-06,2019-Q2,待核实,False,True,False,0,8,,,,
南岸,,1,,,,,2019-08-06,,,无关路人,18,男,,寻找前女友未果后迁怒无关者，具体心理原因未披露。,,,,,被抓获；未找到后续裁判。,,,2019-08-06,,,,"[""感情纠纷"", ""转移报复""]",警方初步通报,官方转载,True,True,官方事实直接支持；警方通报明确寻找前女友未果后刺死小区车库无关女子，原纠纷对象与实际受害者不同。,A027,2019-07-31,day,重庆南岸小区车库杀害无辜路人,重庆,重庆,社区住宅,持械,core,未找到前女友后转向与纠纷无关的过路女子。,"[""AS031""]","{""date"": [""AS031""], ""location"": [""AS031""], ""casualties"": [""AS031""], ""classification"": [""AS031""], ""motive"": [""AS031""], ""outcome"": [""AS031""]}",,,,,,,,,,,,,"[""婚姻／家庭／感情问题"", ""泄愤／转移报复""]",,,2019,2019-07,2019-Q3,核心,True,True,True,1,0,,,,
恩施市,,8,2,,,,2019-12-27,,True,在校学生,40,男,,,,,,,死刑并已执行。,2019-11-04,2019-12-27,2019-12-27,动机、精神状态未在所用法院材料明确，留空。,,,[],未知,官方转载,True,False,官方确认发生；随机性／扩大关系含研究解释；法院布告确认故意杀人及8名学生死亡、2人受伤，但未披露被害关系和选择机制；初报中的校园群体袭击及未发现私人纠纷不能单独算官方明确支持随机性。,A028,2019-09-02,day,恩施朝阳坡小学袭击,湖北,恩施州,校园及周边,持械,core,法院确认对在校学生实施故意杀人，初始警方报道描述进入学校持刀攻击儿童群体；尚无针对既有私人纠纷对象的证据。,"[""AS032"", ""AS056""]","{""date"": [""AS032""], ""location"": [""AS032""], ""casualties"": [""AS032""], ""classification"": [""AS032""], ""motive"": [], ""outcome"": [""AS032""], ""method"": [""AS056""]}",,,,,,,,,,,,,[],,,2019,2019-09,2019-Q3,核心,False,True,False,8,2,,,,
开远,,0,54,,,,2019-11-12,51幼儿、3教师共54伤；2人重度症状为临床表述，司法重伤数留空。,True,幼儿及教师,23,男,无业,警方转述嫌疑人供述：成长及工作生活不顺，产生悲观和报复社会心理。,,,,警方当日下午抓获。,被控制；未检出判决。,,,2019-11-12,,,,"[""生活挫折"", ""报复社会""]",警方初步通报,官方转载,True,True,官方事实直接支持；警方通报供述生活不顺后报复社会，向幼儿园师生喷洒腐蚀性液体，公开目标和行为明确。,A029,2019-11-11,day,云南开远东城幼儿园腐蚀性液体袭击,云南,红河州,校园及周边,其他,core,警方明确报复社会而向无关幼儿与教师喷洒腐蚀性液体。,"[""AS033""]","{""date"": [""AS033""], ""location"": [""AS033""], ""casualties"": [""AS033""], ""classification"": [""AS033""], ""motive"": [""AS033""], ""outcome"": [""AS033""]}",,,,,,,,,,,,,"[""泄愤／转移报复"", ""生活受挫／疏离／厌世""]",,,2019,2019-11,2019-Q4,核心,True,False,True,0,54,,,,
丰台,,2,7,,,,2019-12-06,,,,57,男,,,,,,,被警方拦截控制；未检出裁判。,,,2019-12-06,,,,[],未知,官方转载,True,False,媒体调查／研究推断,A030,2019-12-06,day,北京马家堡被盗车辆冲撞,北京,北京,街道交通,驾车,pending,通报确认盗车及沿途碰撞，未明确撞人故意还是逃离中的肇事，随机主动袭击证据不足。,"[""AS034""]","{""date"": [""AS034""], ""location"": [""AS034""], ""casualties"": [""AS034""], ""classification"": [""AS034""], ""motive"": [], ""outcome"": [""AS034""]}",,,,,,,,,,,,,[],,,2019,2019-12,2019-Q4,待核实,False,False,False,2,7,,,,
静安,,0,,,,1,2019-12-25,枪伤处置受害者独列response_injured=2，injured留空；不得计作2名刀伤。,,,,男,,,,,邻居称当日下午持物比划并报警；属于报道中的目击陈述。,民警劝阻后开枪制服。,持刀者和两名路人送医；其中一路人仍在ICU。,,,2019-12-25,部分汇编案发日写12月19日，本调查报道明确12月15日。,,,[],未知,单一媒体,False,False,媒体调查／研究推断,A031,2019-12-15,day,上海静安持刀警情与警方开枪处置,上海,上海,街道交通,持械,pending,有持刀逼近他人的报道，但2名路人伤情来自警方枪弹；不能把此数作为嫌疑人随机砍伤人数。,"[""AS035""]","{""date"": [""AS035""], ""location"": [""AS035""], ""casualties"": [""AS035""], ""classification"": [""AS035""], ""motive"": [], ""outcome"": [""AS035""]}",,,,,2名路人为警方枪弹所伤；直接遭刀伤人数未获证实。,,,2,,,,,[],,,2019,2019-12,2019-Q4,待核实,False,False,False,0,0,,,,
朝阳,,0,4,1,,,2021-02-02,1名重伤二级、1名轻伤二级、2名轻微伤。,,诊治医生及3名阻拦者,,男,,认为眼睛治疗效果未达个人预期，对诊治医生怨恨。,,,,3名旁人阻止时被伤；作案后让人报警并在现场等候。,一审死刑缓期二年执行。,2021-02-02,,2021-02-02,被害医生姓名从事件标题及字段中省略。,,,"[""医患纠纷"", ""扩大伤害""]",法院认定,官方转载,True,True,官方事实直接支持；法院明确因诊疗不满攻击医生，随后砍伤3名阻拦者，原医患纠纷之外人员被主动攻击的过程明确；阻拦者参与现场制止不等同原纠纷当事人。,A032,2020-01-20,day,北京朝阳医院伤医及伤害劝阻者,北京,北京,医疗机构,持械,expanded,起始明确针对诊治医生，继而主动砍伤3名阻拦其行凶者；属于纠纷扩展而非核心随机选人。,"[""AS036""]","{""date"": [""AS036""], ""location"": [""AS036""], ""casualties"": [""AS036""], ""classification"": [""AS036""], ""motive"": [""AS036""], ""outcome"": [""AS036""]}",,,,,,,,,,,,,"[""其他已披露背景""]",,,2020,2020-01,2020-Q1,纠纷扩大,True,True,True,0,4,,,,
滦平,,2,7,,,,2020-05-20,,,道路行人,30,男,曾从事法语翻译,检方通报指厌世、自杀及报复社会念头；尚未取得终审认定。,,,,现场群众控制。,2020年5月14日获批逮捕；未检出裁判。,,,2020-05-20,动机来自检方批捕阶段通报，不作为法院最终认定。,,,"[""报复社会"", ""自杀倾向""]",检方指控,官方转载,True,True,官方事实直接支持；检方通报明确厌世、报复社会后沿省道连续撞击行人并持石继续攻击，直接支持公众目标；证据层级为检方指控，不能写成法院最终认定。,A033,2020-04-15,day,滦平沿省道驾车及持石袭击行人,河北,承德,街道交通,复合,core,检方明确报复社会而连续冲撞多名行人，并继续持石袭击，与具体私人对象无关。,"[""AS037""]","{""date"": [""AS037""], ""location"": [""AS037""], ""casualties"": [""AS037""], ""classification"": [""AS037""], ""motive"": [""AS037""], ""outcome"": [""AS037""]}",,,,,,,,,,检方批捕阶段通报,,,"[""求死／求入狱"", ""泄愤／转移报复""]",,,2020,2020-04,2020-Q2,核心,True,True,True,2,7,,,,
苍梧,,0,41,1,,,2020-12-30,采用法院最终41伤，取代初报39伤。,True,同事、副校长及无关学生,,男,学校保安,工作与请假等争执后行凶，扩大至学生群体。,,,,,二审维持死刑；未检出执行公告。,2020-12-30,,2020-12-30,,,,"[""工作纠纷"", ""扩大报复""]",法院认定,官方转载,True,True,官方事实直接支持；法院明确工作纠纷先袭击同事，再砍击无关学生等人员，纠纷扩大过程直接可见。,A034,2020-06-04,day,苍梧旺甫镇中心小学持刀伤人,广西,梧州,校园及周边,持械,expanded,先因工作纠纷袭击同事，随后攻击与该纠纷无关的学生等人员。,"[""AS038""]","{""date"": [""AS038""], ""location"": [""AS038""], ""casualties"": [""AS038""], ""classification"": [""AS038""], ""motive"": [""AS038""], ""outcome"": [""AS038""]}",,,,,,,,,,,,,"[""其他已披露背景"", ""经济／工作／财产纠纷""]",,,2020,2020-06,2020-Q2,纠纷扩大,True,True,True,0,41,,,,
仙游,,3,7,,,,2020-06-05,,,媒体称附近路人，官方未详述,35,男,,,,,,,案发当夜被抓获，未检出判决。,,,2020-06-05,,,,[],未知,单一媒体,False,False,媒体调查／研究推断,A035,2020-06-04,day,仙游枫亭镇和平村超市外持刀伤人,福建,莆田,街道交通,持械,pending,警方证实3死7伤；无差别行为主要来自一组红星新闻目击者采访，尚缺官方关系认定或第二独立调查。,"[""AS039""]","{""date"": [""AS039""], ""location"": [""AS039""], ""casualties"": [""AS039""], ""classification"": [""AS039""], ""motive"": [], ""outcome"": [""AS039""]}",,,,,,,,,,,,,[],,,2020,2020-06,2020-Q2,待核实,False,True,False,3,7,,,,
徐汇,,0,7,,,,2020-06-18,主动持刀/拳击阶段7伤；另3名交通碰撞伤者，其故意性未查明，不并入injured；全事件送医10人。,,同行女友及6名无关路人,39,男,,,家属称近期出现异常言行，仅为家属描述，未见司法鉴定。,,,,被警方控制，排除酒驾毒驾；未检出裁判。,,,2020-06-18,,,,[],未知,官方转载,True,False,官方确认主动伤害与受害者结构；核心/扩展边界待核，未凭未发现私人纠纷推定随机。,A036,2020-06-17,day,上海徐汇建国西路持刀伤害路人,上海,上海,街道交通,复合,pending,持刀/徒手主动伤害7人已有警方确认；女友与路人同时受害，但原始目标、起因及攻击顺序未明，尚不能区分核心不特定袭击与特定纠纷扩大。原有碰撞3伤故意性另待核。,"[""AS040""]","{""date"": [""AS040""], ""location"": [""AS040""], ""casualties"": [""AS040""], ""classification"": [""AS040""], ""motive"": [], ""outcome"": [""AS040""]}",,,,,,,3,,10,,,,[],,,2020,2020-06,2020-Q2,待核实,False,True,False,0,7,,,,
凤翔,,2,1,0,,,2021-05-10,2死包含第二阶段出租车司机；1伤为轻伤二级。,,无关路人及后续乘车纠纷中的司机,,男,,法院认为受网络小说影响欲模仿砍人情节；第二阶段与司机车费争执。,精神分裂症缓解期，完全刑事责任能力。,,,店主呵斥后逃离；7月8日被抓获。,一审死刑；报道仅写近日宣判，具体宣判日未列。,,,2021-05-10,不把法院描述提升为网络小说对暴力的普遍因果结论。,,,"[""模仿犯罪"", ""后续乘车纠纷""]",法院认定,官方转载,True,True,官方事实直接支持；法院案情明确先袭击无辜路人，后因乘车费用纠纷另杀司机；最初对无关路人的主动袭击已独立符合核心定义。,A037,2020-07-05,day,凤翔随机伤害路人及杀害出租车司机,陕西,宝鸡,街道交通,持械,core,先主动袭击两名无关路人，随后逃离途中另杀司机；核心随机阶段独立成立。,"[""AS041""]","{""date"": [""AS041""], ""location"": [""AS041""], ""casualties"": [""AS041""], ""classification"": [""AS041""], ""motive"": [""AS041""], ""outcome"": [""AS041""]}",,,,,,,,,,,,,"[""其他已披露背景""]",,,2020,2020-07,2020-Q3,核心,True,True,True,2,1,,,,
西秀,,20,15,,1,,2020-07-13,警方总死亡21人明确含司机，本表受害人死亡20、袭击者死亡1；采用后续15伤。,,无关公交乘客,52,男,公交车驾驶员,生活不如意及对承租公房拆除不满，为制造影响实施袭击。,,,当天向政务热线表达住房不满，并向女友流露厌世情绪。,多部门搜救；未见事前有效干预证据。,司机一并死亡，警方公布调查结论。,,,2020-07-13,,,,"[""住房纠纷"", ""生活挫折"", ""报复社会""]",警方初步通报,官方转载,True,True,官方事实直接支持；警方直接认定针对不特定人群的个人极端犯罪，并调查排除车辆故障与驾驶中外部干扰。,A038,2020-07-07,day,安顺公交车蓄意冲入虹山水库,贵州,安顺,公共交通,驾车,core,警方直接认定针对不特定人群的个人极端犯罪，并排除车辆故障及驾驶中外部干扰。,"[""AS042""]","{""date"": [""AS042""], ""location"": [""AS042""], ""casualties"": [""AS042""], ""classification"": [""AS042""], ""motive"": [""AS042""], ""outcome"": [""AS042""]}",,,,,,,,,,,,,"[""泄愤／转移报复"", ""生活受挫／疏离／厌世"", ""经济／工作／财产纠纷""]",,,2020,2020-07,2020-Q3,核心,True,True,True,20,15,,,,
和平,,1,,,,,2021-03-31,初报1死1轻微伤，后续司法案情记第二人尚未形成伤情；精确伤者数留空，不将1伤无条件带入。,,陌生女性行人,,男,,怀疑门锁被破坏，意图通过袭击闹市女性将事情闹大。,,,当日先报警到派出所，调查等待期间自行离开，后实施攻击。,警方及群众抓获。,死刑获核准的报道；执行日期未核实。,,,2021-03-31,,,,"[""疑似权益受损"", ""制造影响""]",法院认定,官方转载,True,True,官方事实直接支持；司法材料披露因门锁问题欲在闹市刺杀女性扩大影响，持续寻找陌生女性目标，关系及选择机制明确。,A039,2020-08-12,day,天津营口道等处随机袭击女性,天津,天津,街道交通,持械,core,司法案情明确因门锁问题迁怒过路女性，持续寻找陌生目标。,"[""AS043""]","{""date"": [""AS043""], ""location"": [""AS043""], ""casualties"": [""AS043""], ""classification"": [""AS043""], ""motive"": [""AS043""], ""outcome"": [""AS043""]}",,,,,,,,,,,,,"[""寻求关注／表达诉求""]",,,2020,2020-08,2020-Q3,核心,True,True,True,1,0,,,,
桑植,,0,4,4,,,2021-11-04,,True,无关上学学生,,男,,检方指控因家庭诉求未解决，对社会不满而袭击学生引关注。,,,,群众追赶，嫌疑人劫持学生后被警方抓获。,一审开庭后已进入二审；最终刑罚未核实。,,,2021-11-04,动机来自检方指控；不开庭日替代判决日。,,,"[""诉求受挫"", ""报复社会"", ""制造影响""]",检方指控,官方转载,True,True,官方事实直接支持；法院庭审报道转述检方指控欲杀害无关学生以引起关注，继而连续袭击上学学生；保留指控层级，不把已披露当作终审确认。,A040,2020-09-07,day,桑植文明路学校周边袭击学生,湖南,张家界,校园及周边,持械,core,检方明确蓄意攻击无关未成年学生以报复社会并引发关注。,"[""AS044"", ""AS045""]","{""date"": [""AS044"", ""AS045""], ""location"": [""AS044"", ""AS045""], ""casualties"": [""AS044"", ""AS045""], ""classification"": [""AS044"", ""AS045""], ""motive"": [""AS044"", ""AS045""], ""outcome"": [""AS044"", ""AS045""]}",,,,,,,,,,检方指控，未见公开终审动机认定,,,"[""寻求关注／表达诉求"", ""泄愤／转移报复""]",,,2020,2020-09,2020-Q3,核心,True,True,True,0,4,,,,
番禺,,2,3,,1,,2020-09-21,受害人2死3伤，嫌疑人死亡单列；不把5名最初受伤者与2名死亡重复相加。,,,47,男,,,警方称长期有抑郁病征，未披露司法鉴定或具体诊断。,,,现场安保制服，增援警方控制，送医。,嫌疑人自残后抢救无效死亡。,,,2020-09-21,,,,[],未知,官方转载,True,False,媒体调查／研究推断,A041,2020-09-21,day,广州番禺钟村骏兴路持刀伤人,广东,广州,街道交通,持械,pending,通报确认事件和伤亡，但未明确受害人关系及选择目标方式，随机性留待补核。,"[""AS046""]","{""date"": [""AS046""], ""location"": [""AS046""], ""casualties"": [""AS046""], ""classification"": [""AS046""], ""motive"": [], ""outcome"": [""AS046""]}",,,,,,,,,,,,,[],,,2020,2020-09,2020-Q3,待核实,False,False,False,2,3,,,,
开原,,7,7,,,,2020-12-28,7伤包含处置民警1人。,,路人和处置民警,62,男,,警方称儿子离世、与妻子离异，对社会产生不满。,,,,民警现场抓获，1名民警在处置中受伤。,嫌疑人被抓获；未检出后续判决。,,,2020-12-28,网媒将既往判决与同名人相连的材料未作身份独立确认，未据此确定精神诊断及前科。,,,"[""家庭变故"", ""报复社会""]",警方初步通报,官方转载,True,True,官方事实直接支持；警方直接使用随机刺伤路人的行为描述，官方通报支持对道路公众的随机袭击。,A042,2020-12-27,day,辽宁开原随机持刀袭击路人,辽宁,铁岭,街道交通,持械,core,警方直接使用随机刺杀路人描述，受害人为道路无关群众及处置民警。,"[""AS047""]","{""date"": [""AS047""], ""location"": [""AS047""], ""casualties"": [""AS047""], ""classification"": [""AS047""], ""motive"": [""AS047""], ""outcome"": [""AS047""]}",,,,,,,,,,,,,"[""婚姻／家庭／感情问题"", ""泄愤／转移报复""]",,,2020,2020-12,2020-Q4,核心,True,False,True,7,7,,,,
五华区,城市,1,7,,1,,2021-01-23,采用警方1死7伤口径；未采信未经后续通报或双独立采集核实的更高死亡数字。,True,学生及校门口人员；具体关系未明。,56,男,,,,,,警方谈判疏导并调集特警，18时40分许击毙嫌疑人、解救人质。,嫌疑人被警方现场击毙。,,,2021-01-23,,,,[],未知,官方转载,True,False,媒体调查／研究推断,B05,2021-01-22,day,昆明云南师大实验中学门口持刀及劫持案,云南,昆明,校园及周边,持械,pending,警方证实校门口连续伤人及劫持学生，但本轮可靠正文未披露受害者与嫌疑人关系或随机选择的明确事实。,"[""BS06""]","{""date"": [""BS06""], ""location"": [""BS06""], ""casualties"": [""BS06""], ""classification"": [""BS06""], ""motive"": [""BS06""], ""outcome"": [""BS06""]}",,,,,,,,,,,,,[],,,2021,2021-01,2021-Q1,待核实,False,True,False,1,7,,,,
上城区,城市,0,4,,,1,2021-01-23,警方逐人描述医护3人、患者1人受伤，另有嫌疑人本人烧伤；均生命体征平稳。,,,39,男,,警方初查：长期肾病就医后认为医护迫害自己而实施报复。,2014年既往案件鉴定为偏执性精神障碍、限定刑事责任能力；本案刑责鉴定未获核实。,2014年放火案获刑三年。,2020年12月开始准备致爆燃物。,医护扑灭六楼引燃物；警方控制嫌疑人。,侦办；本次检索未找到本案裁判。,,,2021-01-23,,,,"[""医疗不满"", ""泄愤报复""]",警方初步通报,官方转载,True,True,官方事实直接支持,B12,2021-01-22,day,杭州浙医一院爆燃及持刀伤人案,浙江,杭州,医疗机构,复合,core,警方披露因对多家医院诊疗不满预谋攻击医院，实际袭击医护和无关患者，未指向某一纠纷医生。,"[""BS13""]","{""date"": [""BS13""], ""location"": [""BS13""], ""casualties"": [""BS13""], ""classification"": [""BS13""], ""motive"": [""BS13""], ""outcome"": [""BS13""]}",,,,,,,,,,,,,"[""医疗不满"", ""泄愤／转移报复""]",,,2021,2021-01,2021-Q1,核心,True,True,True,0,4,,,,
番禺区,村庄,4,5,,1,,2021-03-22,警方5死含嫌疑人，受害者死亡应为4人。,,,59,男,,,,,,公安、消防及医疗救援。,嫌疑人现场死亡，案件调查中。,,,2021-03-26,官方只称建筑内；村委会场景按多家媒体一致报道归类，具体动机留空。,,,[],未知,官方转载,True,False,媒体调查／研究推断,B50,2021-03-22,day,广州番禺明经村建筑内爆炸案,广东,广州,机关单位,爆炸,pending,官方确认人为引燃爆炸，但被害人与嫌疑人关系不明；媒体称村委会及土地纠纷，不足据此判断随机或定向。,"[""BS55"", ""BS58""]","{""date"": [""BS55""], ""location"": [""BS55"", ""BS58""], ""casualties"": [""BS55""], ""classification"": [""BS55""], ""motive"": [], ""outcome"": [""BS55""]}",,,,,,,,,,,,,[],,,2021,2021-03,2021-Q1,待核实,False,True,False,4,5,,,,
天府新区,城市,0,4,,,,2021-04-18,4名伤者均暂无生命危险。,,,31,男,,警方称先与母亲因生活琐事争吵。,,,,警方现场抓获。,进一步调查中。,,,2021-04-18,,,,"[""家庭争执""]",警方初步通报,官方转载,True,False,媒体调查／研究推断,B13,2021-04-17,day,成都华阳伏龙小区持刀伤人案,四川,成都,社区住宅,持械,pending,警方确认母子争吵后伤害他人，但未交代4名伤者与嫌疑人关系，不能据人数认定随机。,"[""BS14""]","{""date"": [""BS14""], ""location"": [""BS14""], ""casualties"": [""BS14""], ""classification"": [""BS14""], ""motive"": [""BS14""], ""outcome"": [""BS14""]}",,,,,,,,,,,,,"[""其他已披露背景""]",,,2021,2021-04,2021-Q2,待核实,False,True,True,0,4,,,,
北流市,镇区,2,16,,,,2021-04-30,,True,幼儿园师生，关系未明。,,男,,,警方通报司法鉴定机构初步认定精神分裂症；未检出最终刑事责任能力结论。,,,当场抓获；救治伤者，公安与教育部门开展校园安全隐患排查。,截至所见通报在侦办中；未检出可核验后续裁判。,,,2021-04-30,,,,[],未知,官方转载,True,False,媒体调查／研究推断,B06,2021-04-28,day,广西北流新丰镇幼儿园持刀伤人案,广西,玉林,校园及周边,持械,pending,幼儿园师生遭袭已获官方证实；公开通报未交代具体对象选择及嫌疑人与园方关系，严格口径暂不直接认定随机。,"[""BS05""]","{""date"": [""BS05""], ""location"": [""BS05""], ""casualties"": [""BS05""], ""classification"": [""BS05""], ""motive"": [""BS05""], ""outcome"": [""BS05""]}",,,,,,,,,,,,,[],,,2021,2021-04,2021-Q2,待核实,False,True,False,2,16,,,,
中山区,城市,5,8,,,,2023-04-07,以法院审理及执行报道的5死8伤修订早期5死5伤。,,过街行人，与投资纠纷无关。,,男,,法院认定无法接受投资失败，驾车冲撞行人。,,,,警方调查后控制嫌疑人；送医救治伤者。,一审死刑、二审维持，最高法核准后执行。,2021-10-29,2023-04-07,2023-04-07,,,,"[""经济受挫"", ""泄愤报复""]",法院认定,官方转载,True,True,官方事实直接支持,B01,2021-05-22,day,大连五惠路驾车冲撞行人案,辽宁,大连,街道交通,驾车,core,法院认定因投资失败泄愤，故意加速冲撞正在斑马线过街的不特定行人。,"[""BS01""]","{""date"": [""BS01""], ""location"": [""BS01""], ""casualties"": [""BS01""], ""classification"": [""BS01""], ""motive"": [""BS01""], ""outcome"": [""BS01""]}",,,,,,,,,,,,,"[""泄愤／转移报复"", ""经济／工作／财产纠纷""]",,,2021,2021-05,2021-Q2,核心,True,True,True,5,8,,,,
任丘市,,,,,,,,,True,,,,,,,,,,媒体称警方已处置；细节待核。,,,2021-05-24,,,,[],未知,单一媒体,False,False,媒体调查／研究推断,B09,2021-05-24,day,任丘华北油田采一中学伤人事件,河北,沧州,校园及周边,持械,pending,教育部门及医院向记者确认事件和学生受伤；未公开行凶对象关系、人数及动机，不能据网络汇编定为随机。,"[""BS09""]","{""date"": [""BS09""], ""location"": [""BS09""], ""casualties"": [""BS09""], ""classification"": [""BS09""], ""motive"": [""BS09""], ""outcome"": [""BS09""]}",,,,,,,,,,,,,[],,,2021,2021-05,2021-Q2,待核实,False,True,False,0,0,,,,
,城市,0,14,,,,2021-05-26,截至通报14人受伤、均无生命危险，未检出后续伤亡修订。,True,学生和现场群众。,66,男,退休人员,警方初步认定因生活失意离家独居，为报复社会持棍行凶。,,,,群众配合警方控制嫌疑人并送医。,嫌疑人已控制；未检出可核验后续裁判。,,,2021-05-26,,,,"[""生活失意"", ""泄愤报复""]",警方初步通报,官方转载,True,True,官方事实直接支持,B07,2021-05-25,day,南阳第六十八小学附近持棍袭击案,河南,南阳,校园及周边,持械,core,警方明确认定为报复社会，袭击12名学生和2名群众。,"[""BS07""]","{""date"": [""BS07""], ""location"": [""BS07""], ""casualties"": [""BS07""], ""classification"": [""BS07""], ""motive"": [""BS07""], ""outcome"": [""BS07""]}",,,,,,,,,,,,,"[""泄愤／转移报复"", ""生活受挫／疏离／厌世""]",,,2021,2021-05,2021-Q2,核心,True,True,True,0,14,,,,
苏仙区,镇区,,,,,,2021-05-28,生活报称5名学生受袭，医院受访人员称至少1死；报道同时称伤亡不明，故不填写精确最终死伤。,True,返校学生；与嫌疑人关系不明。,,男,媒体采访商户称在当地务工，未官方证实。,,商户说法不一致，未见专业鉴定，不据此认定。,,,,媒体称已被警方控制；未检出后续通报。,,,2021-05-28,,,,[],未知,单一媒体,False,False,媒体调查／研究推断,B08,2021-05-28,day,郴州白露塘地下通道学生遇袭案,湖南,郴州,校园及周边,持械,pending,单一独立媒体采访确认学生遇袭，未检出官方完整通报或第二独立采集资料，随机性与最终伤亡未充分核实。,"[""BS08""]","{""date"": [""BS08""], ""location"": [""BS08""], ""casualties"": [""BS08""], ""classification"": [""BS08""], ""motive"": [""BS08""], ""outcome"": [""BS08""]}",,,,,,,,,,,,,[],,,2021,2021-05,2021-Q2,待核实,False,True,False,0,0,,,,
秦淮区,城市,0,7,3,,1,2025-08-19,最高法复核确认7名受害者受伤、3重伤二级；初报送医8人含嫌疑人本人。,,前妻、前妻朋友、路人及制止者。,40,男,无业,法院认定复合遭拒后跟候前妻，看到她与同学同行而起杀念；逃亡期间持续冲撞不特定车辆行人。,,最高法复核确认此前多次酒后殴打前妻。,法院确认复合遭拒后多次到前妻工作地点等候。,群众阻止、出租车司机及警方控制；组织多学科救治。,一审决定执行死刑，2024-05-08二审维持，2024-12-21最高法核准；2025-08-15公开文书，未检出执行确认。,2022-11-18,,2025-08-19,法院出生日期1980-07-07，对应案发40岁；初报41岁保留为差异，不混用。,,,"[""婚恋家庭纠纷"", ""纠纷外溢""]",法院认定,官方转载,True,True,官方事实直接支持,B10,2021-05-29,day,南京新街口驾车撞人及持刀伤人案,江苏,南京,街道交通,复合,expanded,原针对前妻及其朋友的感情纠纷，后伤及无关路人、劝阻群众和出租车驾驶员。,"[""BS10"", ""BS56""]","{""date"": [""BS10""], ""location"": [""BS10""], ""casualties"": [""BS10"", ""BS56""], ""classification"": [""BS10"", ""BS56""], ""motive"": [""BS10"", ""BS56""], ""outcome"": [""BS10"", ""BS56""]}",,,,,,,,,,,,,"[""其他已披露背景""]",,,2021,2021-05,2021-Q2,纠纷扩大,True,True,True,0,7,,,,
迎江区,城市,7,13,5,,,2022-02-17,法院布告最终7死13伤，13伤中5重伤、3轻伤、5轻微伤。,False,随机过往群众。,25,男,无业,对家庭和社会不满，产生报复杀害无辜群众之念。,,,判决布告披露此前数月购买凶器并多次观察现场；未证实案发前曾被有关部门识别。,接警后警方赶赴现场，当日16时36分抓获。,故意杀人罪死刑，经最高法核准后执行。,2021-11-15,2022-02-15,2022-02-17,布告列20名被害人年龄均为成年人，未采信网络关于儿童遇难的说法。,,,"[""家庭问题"", ""泄愤报复""]",法院认定,官方转载,True,True,官方事实直接支持,B02,2021-06-05,day,安庆人民路持刀袭击路人案,安徽,安庆,街道交通,持械,core,法院明确认定为杀害无辜群众泄愤报复，连续捅刺过往群众20人。,"[""BS02"", ""BS52""]","{""date"": [""BS02""], ""location"": [""BS02""], ""casualties"": [""BS02""], ""classification"": [""BS02""], ""motive"": [""BS02""], ""outcome"": [""BS02"", ""BS52""]}",,,,,,,,,,,,,"[""婚姻／家庭／感情问题"", ""泄愤／转移报复""]",,,2021,2021-06,2021-Q2,核心,True,True,True,7,13,,,,
清溪镇,镇区,,6,,,,2021-07-15,,,,31,男,无业,,,,,民警到场抓获。,已抓获。,,,2021-07-15,,,,[],未知,官方转载,True,False,媒体调查／研究推断,B14,2021-07-15,day,东莞清溪镇持刀伤人案,广东,东莞,街道交通,持械,pending,通报未披露选择受害者方式、关系和起因。,"[""BS15""]","{""date"": [""BS15""], ""location"": [""BS15""], ""casualties"": [""BS15""], ""classification"": [""BS15""], ""motive"": [], ""outcome"": [""BS15""]}",,,,,,,,,,,,,[],,,2021,2021-07,2021-Q3,待核实,False,True,False,0,6,,,,
临洮县,镇区,2,1,,,,2021-08-18,,True,,,男,洮阳镇政府工作人员（财新采访确认）,,镇政府人士向财新称患抑郁症；不是司法鉴定。,,,警方抓获刑拘。,侦办中；未检出公开后续判决。,,,2021-08-18,,,,[],未知,官方转载,True,False,媒体调查／研究推断,B15,2021-08-16,day,甘肃临洮洮阳镇未成年女孩遭袭案,甘肃,定西,社区住宅,持械,pending,已证实刑案及伤亡，受害者为出门女孩；未查明双方是否相识或特定纠纷，保守待核。,"[""BS16"", ""BS17""]","{""date"": [""BS16"", ""BS17""], ""location"": [""BS16"", ""BS17""], ""casualties"": [""BS16"", ""BS17""], ""classification"": [""BS16"", ""BS17""], ""motive"": [], ""outcome"": [""BS16"", ""BS17""]}",,,,,,,,,,,,,[],,,2021,2021-08,2021-Q3,待核实,False,True,False,2,1,,,,
番禺区,城市,,3,,,1,2021-08-29,,,,43,男,,,,,,警方开枪击伤嫌疑人并控制。,侦办中。,,,2021-08-29,部分汇编将此案误标2019年；按当年警方通报纠正为2021年。,,,[],未知,官方转载,True,False,媒体调查／研究推断,B16,2021-08-28,day,广州番禺清河中路持刀伤人案,广东,广州,街道交通,持械,pending,官方确认伤人，未披露目标关系，随机性不足。,"[""BS18""]","{""date"": [""BS18""], ""location"": [""BS18""], ""casualties"": [""BS18""], ""classification"": [""BS18""], ""motive"": [], ""outcome"": [""BS18""]}",,,,,,,,,,,,,[],,,2021,2021-08,2021-Q3,待核实,False,True,False,0,3,,,,
河津市,城市,0,3,,,,2021-11-04,3人包扎治疗后伤势平稳。,,现场劝阻群众,36,男,务工人员,警方初查因务工期间口角行凶。,,,,司机驾车阻止；民警与群众控制。,嫌疑人被控制。,,,2021-11-04,,,,"[""工作冲突""]",警方初步通报,官方转载,True,True,官方事实直接支持,B17,2021-11-04,day,河津东关持刀伤害劝阻群众案,山西,运城,街道交通,持械,expanded,原本务工口角扩展至现场三名劝阻群众，警方明确其旁观介入身份。,"[""BS19""]","{""date"": [""BS19""], ""location"": [""BS19""], ""casualties"": [""BS19""], ""classification"": [""BS19""], ""motive"": [""BS19""], ""outcome"": [""BS19""]}",,,,,,,,,,,,,"[""经济／工作／财产纠纷""]",,,2021,2021-11,2021-Q4,纠纷扩大,True,False,True,0,3,,,,
浦东新区,城市,,9,,,,2021-12-07,含2名处置民警；报道未给后续死亡结果，死亡留空。,,陌生店内人员、路人及处置民警。,26,男,,,警方初步调查为外省市在册精神病人；不等同于司法刑责结论或作案动机。,,,民警接报2分钟内赶到并搏斗制服，送医救治。,嫌疑人被控制，未检出后续裁判。,,,2021-12-07,,,,[],未知,官方转载,True,False,公安通报确认伤亡；陌生人、沿街连续攻击来自齐鲁晚报商户采访，法院账号仅转载。,B11,2021-12-06,day,上海浦东博山路持剪刀伤人案,上海,上海,街道交通,持械,core,警方确认7名群众及2名警察受伤，现场采访明确称对不认识的人从花店到沿街连续行凶。,"[""BS11""]","{""date"": [""BS11""], ""location"": [""BS11""], ""casualties"": [""BS11""], ""classification"": [""BS11""], ""motive"": [""BS11""], ""outcome"": [""BS11""]}",,,,,,,,,,,,,[],,,2021,2021-12,2021-Q4,核心,False,False,False,0,9,公安通报确认伤亡；陌生人、沿街连续攻击来自齐鲁晚报商户采访，法院账号仅转载。,,,
望城区,城市,3,2,,,,2021-12-29,两人伤势较重但无生命危险，不直接填司法重伤2人。,,工友,23,男,企业员工,警方称因与工友琐事争执心生怨恨。,,,,民警现场控制。,侦办中。,,,2021-12-29,,,,"[""工作冲突""]",警方初步通报,官方转载,True,False,媒体调查／研究推断,B48,2021-12-29,day,长沙望城企业工友持刀伤害案,湖南,长沙,其他,持械,excluded,警方明确系与工友争执后刺伤工友，未发现攻击无关人的证据，按定向工作纠纷排除。,"[""BS51""]","{""date"": [""BS51""], ""location"": [""BS51""], ""casualties"": [""BS51""], ""classification"": [""BS51""], ""motive"": [""BS51""], ""outcome"": [""BS51""]}",,,,,,,,,,,,,"[""经济／工作／财产纠纷""]",,,2021,2021-12,2021-Q4,排除,False,False,True,3,2,,,,
皇姑区,城市,1,42,2,,,2022-02-12,警方初报1死2重伤40轻伤。,,,,,,,,,,应急救援、伤者送医。,原因调查中。,,,2022-02-12,,,,[],未知,官方转载,True,False,媒体调查／研究推断,B18,2022-02-12,day,沈阳232路公交爆炸事件,辽宁,沈阳,公共交通,爆炸,pending,爆炸原因未公开核实，不能确认犯罪或故意袭击。,"[""BS20""]","{""date"": [""BS20""], ""location"": [""BS20""], ""casualties"": [""BS20""], ""classification"": [""BS20""], ""motive"": [], ""outcome"": [""BS20""]}",,,,,,,,,,,,,[],,,2022,2022-02,2022-Q1,待核实,False,True,False,1,42,,,,
南靖县,镇区,3,9,,,,2022-02-14,,,,,,,,,,,司机被警方控制。,原因调查中。,,,2022-02-14,,,,[],未知,官方转载,True,False,媒体调查／研究推断,B19,2022-02-14,day,福建南靖山城镇货车撞人事件,福建,漳州,街道交通,驾车,pending,警方仅通报货车碰撞及调查，故意性和随机选择未证实。,"[""BS21""]","{""date"": [""BS21""], ""location"": [""BS21""], ""casualties"": [""BS21""], ""classification"": [""BS21""], ""motive"": [], ""outcome"": [""BS21""]}",,,,,,,,,,,,,[],,,2022,2022-02,2022-Q1,待核实,False,True,False,3,9,,,,
丛台区,城市,4,10,,,,2022-03-22,初报14人受伤中4人死亡，幸存伤者10人。,,,31,男,某单位职工,,,,,司机当场被控制。,涉嫌以危险方法危害公共安全罪刑拘。,,,2022-03-22,,,,[],未知,官方转载,True,False,媒体调查／研究推断,B20,2022-03-20,day,邯郸人民路车辆碰撞非机动车事件,河北,邯郸,街道交通,驾车,pending,以危险方法危害公共安全罪刑拘不能单独证明随机袭击；警方初步归因超量服药，未检出后续故意性认定。,"[""BS22""]","{""date"": [""BS22""], ""location"": [""BS22""], ""casualties"": [""BS22""], ""classification"": [""BS22""], ""motive"": [], ""outcome"": [""BS22""]}",,,,,,,,,,,,,[],,,2022,2022-03,2022-Q1,待核实,False,True,False,4,10,,,,
岷县,村庄,0,7,,,,2022-04-16,1人出院，其余6人病情平稳。,True,同院居住的2名成人和5名儿童,59,男,,警方初查误认邻居谩骂自己发生争吵。,,,,警方当场抓获。,刑事拘留。,,,2022-04-16,汇编所称4月1日幼儿园案不符官方日期与地点；通报未写凶器，方法暂列其他。,,,"[""邻里纠纷""]",警方初步通报,官方转载,True,False,媒体调查／研究推断,B21,2022-04-14,day,甘肃岷县同院住户伤害案,甘肃,定西,社区住宅,其他,pending,同院邻里纠纷；未交代伤者是否属于纠纷对方家庭，不能仅因有儿童就认定扩大伤害无关人员。,"[""BS23""]","{""date"": [""BS23""], ""location"": [""BS23""], ""casualties"": [""BS23""], ""classification"": [""BS23""], ""motive"": [""BS23""], ""outcome"": [""BS23""]}",,,,,,,,,,,,,"[""其他已披露背景""]",,,2022,2022-04,2022-Q2,待核实,False,True,True,0,7,,,,
东城街道,城市,,6,,,,2022-06-02,,,,25,男,,,,,,警方控制嫌疑人。,侦查中。,,,2022-06-02,,,,[],未知,官方转载,True,False,媒体调查／研究推断,B22,2022-06-02,day,东莞东城万达广场附近持刀伤人案,广东,东莞,商业场所,持械,pending,官方证实6人受伤，但随机细节只有未独立核实视频和网述，保守待核。,"[""BS24""]","{""date"": [""BS24""], ""location"": [""BS24""], ""casualties"": [""BS24""], ""classification"": [""BS24""], ""motive"": [], ""outcome"": [""BS24""]}",,,,,,,,,,,,,[],,,2022,2022-06,2022-Q2,待核实,False,True,False,0,6,,,,
静安区,城市,0,6,,,,2022-07-05,6人送医，2人入ICU不等同司法重伤人数。,,原单位进出员工及保安，未证实均系原纠纷参与者,59,男,,警方称与原单位纠纷交涉未果。,,,,警方现场控制。,侦查中。,,,2022-07-05,,,,"[""工作冲突""]",警方初步通报,官方转载,True,False,公安通报确认原单位纠纷和持刀伤人；随机攻击进出员工来自财新独立了解。,B23,2022-07-04,day,上海威海路原单位门前持刀伤人案,上海,上海,机关单位,持械,core,警方证实与原单位纠纷，财新独立调查明确随机袭击进出员工；目标是单位群体中非特定个体。,"[""BS25""]","{""date"": [""BS25""], ""location"": [""BS25""], ""casualties"": [""BS25""], ""classification"": [""BS25""], ""motive"": [""BS25""], ""outcome"": [""BS25""]}",,,,,,,,,,,,,"[""经济／工作／财产纠纷""]",,,2022,2022-07,2022-Q3,核心,False,True,True,0,6,公安通报确认原单位纠纷和持刀伤人；随机攻击进出员工来自财新独立了解。,,,
黄浦区,城市,0,15,6,,,2023-10-27,使用判决6重伤加9轻伤轻微伤，替代初报4伤；法院认定杀人未遂。,True,无关患者、陪同家属、医护人员,,男,,法院认定因投资失败和无力偿还巨额债务怨恨社会。,,,,现场警方制服嫌疑人。,一审故意杀人罪死刑；本次检索未找到进一步裁判执行材料。,2023-10-27,,2023-10-27,,,,"[""经济受挫"", ""债务"", ""泄愤报复""]",法院认定,官方转载,True,True,官方事实直接支持,B03,2022-07-09,day,上海瑞金医院持刀袭击案,上海,上海,医疗机构,持械,core,法院明确认定预谋在公共场所持刀报复社会，袭击无关病患、家属及医护人员。,"[""BS12""]","{""date"": [""BS12""], ""location"": [""BS12""], ""casualties"": [""BS12""], ""classification"": [""BS12""], ""motive"": [""BS12""], ""outcome"": [""BS12""]}",,,,,,,,,,,,,"[""泄愤／转移报复"", ""经济／工作／财产纠纷""]",,,2022,2022-07,2022-Q3,核心,True,True,True,0,15,,,,
沐川县,城乡跨场景,3,2,,1,,2022-07-30,嫌疑人逃匿后高坠死亡单列。,True,一名女性及其堂弟、两名子女、公公,36,男,警察,,,,,警方搜捕4日后发现嫌疑人尸体。,嫌疑人死亡，警方宣布复盘队伍教育管理。,,,2022-07-30,,,,[],未知,官方转载,True,False,媒体调查／研究推断,B24,2022-07-26,day,四川沐川警察枪击及杀人纵火案,四川,乐山,社区住宅,复合,excluded,可靠报道确认伤亡对象为同一家庭及亲属，没有随机袭击陌生人的证据，排除核心。,"[""BS26""]","{""date"": [""BS26""], ""location"": [""BS26""], ""casualties"": [""BS26""], ""classification"": [""BS26""], ""motive"": [], ""outcome"": [""BS26""]}",,,,,,,,,,,,,[],,,2022,2022-07,2022-Q3,排除,False,True,False,3,2,,,,
舞阳县,镇区,1,28,,,,2022-07-28,2人伤势较重，不将临床描述直接等同司法重伤。,,,33,男,,,,,,警方控制司机。,调查中。,,,2022-07-28,,,,[],未知,官方转载,True,False,媒体调查／研究推断,B25,2022-07-28,day,河南舞阳张家港路连续碰撞事件,河南,漯河,街道交通,驾车,pending,连续碰撞和媒体所称刑事案件不能替代主观故意与随机性的证据；官方当时称交通肇事逃逸。,"[""BS27""]","{""date"": [""BS27""], ""location"": [""BS27""], ""casualties"": [""BS27""], ""classification"": [""BS27""], ""motive"": [], ""outcome"": [""BS27""]}",,,,,,,,,,,,,[],,,2022,2022-07,2022-Q3,待核实,False,True,False,1,28,,,,
涵江区,城市,1,0,,,,2026-04-07,仅一名被害人死亡；无其他受害者受伤报道，按本案判决所列人员计。,True,与嫌疑人素不相识的饭店后厨帮工,17,男,油漆装修学徒,检方指控对生活失望，想通过犯罪入狱脱离社会；本人不同阶段对动机供述反复，不能把其个别说法视为已核定心理事实。,,,哥哥证言称曾说想去坐牢；案发前网购刀具。,受害人自行返回饭店求助，顾客救援、警方和急救到场；嫌疑人持刀到派出所。,2023年原判死刑；最高法2025-01-24发回重审；2025-09-09改无期。2026-02-02市检不支持家属申诉，4月省检接收审核。,2025-09-09,,2026-04-07,年龄按再审查明案发时17岁。报道有判决图及逐项内容，保留为法院材料媒体转述，非官网原文。 动机部分属媒体核对的检方指控，法院明确认定预谋并随意选择对象。,,,"[""社会疏离"", ""谋求入狱""]",媒体调查,官方转载,True,True,官方事实直接支持,B27,2022-08-02,day,莆田饭店附近少年遭随机持刀袭击案,福建,莆田,街道交通,持械,core,报道引用法院判决明确有预谋地准备刀具、随意选取对象；检方认定当街随机物色对象，双方生活工作无交集。,"[""BS29""]","{""date"": [""BS29""], ""location"": [""BS29""], ""casualties"": [""BS29""], ""classification"": [""BS29""], ""motive"": [""BS29""], ""outcome"": [""BS29""]}",,,,,,,,,,,,,"[""求死／求入狱"", ""生活受挫／疏离／厌世""]",,,2022,2022-08,2022-Q3,核心,True,True,True,1,0,,,,
安福县,镇区,4,5,,1,,2022-08-05,初报3死6伤，后续截至8月5日4死5伤；嫌疑人逃跑交通事故身亡单列。,True,幼儿园教师及幼儿,48,男,,,,,,警方搜捕、伤者送医。,8月3日逃亡横穿高速遭车祸，8月4日抢救无效死亡，DNA确认（警方通报）。,,,2022-08-10,,,,[],未知,官方转载,True,False,媒体调查／研究推断,B26,2022-08-03,day,江西安福幼儿园持刀伤人案,江西,吉安,校园及周边,持械,pending,已核实校园伤害及伤亡，但缺乏目标关系和选择方式的可靠说明，不仅因师生多人受害就认定随机。,"[""BS28"", ""BS57""]","{""date"": [""BS28""], ""location"": [""BS28""], ""casualties"": [""BS28"", ""BS57""], ""classification"": [""BS28""], ""motive"": [], ""outcome"": [""BS28"", ""BS57""]}",,,,,,,,,,,,,[],,,2022,2022-08,2022-Q3,待核实,False,True,False,4,5,,,,
郸城县,镇区,0,2,,,,2022-08-09,,,,21,男,,,,,,接警3分钟后巡逻民警到场与群众控制。,刑事拘留。,,,2022-08-09,,,,[],未知,官方转载,True,False,媒体调查／研究推断,B49,2022-08-08,day,河南郸城世纪广场持刀伤人案,河南,周口,公园广场,持械,pending,官方未说明双方关系或随机作案；不能采用网络汇编的无差别标签。,"[""BS54""]","{""date"": [""BS54""], ""location"": [""BS54""], ""casualties"": [""BS54""], ""classification"": [""BS54""], ""motive"": [], ""outcome"": [""BS54""]}",,,,,,,,,,,,,[],,,2022,2022-08,2022-Q3,待核实,False,True,False,0,2,,,,
天河区,城市,6,,,,,2023-05-12,一审判决报道先单列6名死者（5名现场死亡，1名1月19日死亡），再列另有伤者：10名轻伤一级、2名轻伤二级、13名轻微伤，互斥伤情分级合计至少25人。其余3名不构成轻微伤、1名体表未见明显机械性损伤不加入精确伤者值；精确值仍留空。,,过往行人及道路使用者。,22,男,,法院认定为发泄个人情绪。判决记录的社交受挫、家人责骂为被告人供述，不能据此推定一般社会原因。,,,,,2023年4月18日一审死刑，2023年6月28日二审维持；2024年4月19日执行。,2023-04-18,2024-04-19,2024-04-19,,,25,"[""泄愤报复""]",法院认定,官方转载,True,True,记者核对法院判决并转述明确针对不特定多数人的认定,B04,2023-01-11,day,广州天河连续驾车冲撞行人案,广东,广州,街道交通,驾车,core,法院认定为发泄个人情绪，故意连续驾车冲撞人群；无特定被害人。,"[""BS03"", ""BS04""]","{""date"": [""BS03""], ""location"": [""BS03""], ""casualties"": [""BS03""], ""classification"": [""BS03""], ""motive"": [""BS03""], ""outcome"": [""BS04""]}",,,,,20余人；判决细目至少25人构成轻伤或轻微伤,,,,,,,,"[""泄愤／转移报复""]",,,2023,2023-01,2023-Q1,核心,True,True,True,6,25,记者核对法院判决并转述明确针对不特定多数人的认定,,,
沙坪坝区,城市,0,1,,,,2023-07-13,一名女乘客严重受伤后及时获救出院；未见司法伤情等级，serious_injuries留空。,,邻座陌生乘客,,男,,,警方称患中度抑郁、重度焦虑；刑事责任鉴定未检出。,,,乘客吴英杰压制嫌疑人，其他乘客保护伤者，到站后安保移交警方、急救救治。,警方按涉嫌故意杀人立案；后续判决未检出。,,,2023-12-14,,,,[],未知,多源媒体,False,False,媒体调查／研究推断,B28,2023-03-19,day,重庆轨道一号线邻座乘客遭随机持刀袭击案,重庆,重庆,公共交通,持械,core,警方向记者披露带刀上车意图随机伤害，重庆日报后续亦明确事后查明随机性。,"[""BS30"", ""BS31""]","{""date"": [""BS30"", ""BS31""], ""location"": [""BS30"", ""BS31""], ""casualties"": [""BS30"", ""BS31""], ""classification"": [""BS30"", ""BS31""], ""motive"": [], ""outcome"": [""BS30"", ""BS31""]}",,,,,,,,,,,,,[],,,2023,2023-03,2023-Q1,核心,False,True,False,0,1,,,,
丛台区,城市,,,,,,2023-04-02,不能使用网传十余伤、一死等数值。,,,,男,,,,,,涉事人员当日被警方抓获。,调查中。,,,2023-04-02,不采用视频汇编中的手雷/爆炸定性。,,,[],未知,单一媒体,False,False,媒体调查／研究推断,B29,2023-03-31,day,邯郸中华北大街连续车辆碰撞事件,河北,邯郸,街道交通,驾车,pending,部门确认事件存在，但伤亡和动机仍调查；网传爆炸物被否认，缺乏故意随机袭击正式认定。,"[""BS32""]","{""date"": [""BS32""], ""location"": [""BS32""], ""casualties"": [""BS32""], ""classification"": [""BS32""], ""motive"": [], ""outcome"": [""BS32""]}",,,,,,,,,,,,,[],,,2023,2023-03,2023-Q1,待核实,False,True,False,0,0,,,,
江北区,城市,0,4,,,,2023-04-03,,,路人,46,男,,,警方通报“突发躁狂”，属于初步状态描述，不等同精神病诊断或刑责鉴定。,,,群众制服，民警到场送医并控制嫌疑人。,侦办中。,,,2023-04-03,,,,[],未知,官方转载,True,False,官方确认事件和路人受伤，未明确随机性；待补证,B30,2023-04-02,day,重庆江北建新西路持刀袭击路人案,重庆,重庆,街道交通,持械,pending,警方确认持刀行凶致4名路人受伤，但未披露起始对象关系及选择方式；补查现场采访仅能确认群众制止过程，尚不足排除定向纠纷或伴随伤害，保留待核。,"[""BS33""]","{""date"": [""BS33""], ""location"": [""BS33""], ""casualties"": [""BS33""], ""classification"": [""BS33""], ""motive"": [], ""outcome"": [""BS33""]}",,,,,,,,,,,,,[],,,2023,2023-04,2023-Q2,待核实,False,True,False,0,4,官方确认事件和路人受伤，未明确随机性；待补证,,,
城乡一体化示范区,城市,3,,,,,2023-04-09,官方句式未明确7伤是否包含后续死亡3人，幸存伤者数不直接填7或4。,,,47,男,,警方称因感情纠纷争执后驾车冲撞特定女性。,,,,警方抓获。,侦办中。,,,2023-04-09,,,,"[""感情纠纷""]",警方初步通报,官方转载,True,False,媒体调查／研究推断,B31,2023-04-08,day,平顶山新兴路感情纠纷驾车冲撞案,河南,平顶山,街道交通,驾车,pending,确认定向驾车冲撞女子后多人受害，但其余人的关系未说明，不能仅据人数认定无关者卷入。,"[""BS34""]","{""date"": [""BS34""], ""location"": [""BS34""], ""casualties"": [""BS34""], ""classification"": [""BS34""], ""motive"": [""BS34""], ""outcome"": [""BS34""]}",,,,,7人受伤、3人经抢救无效死亡,,,,,,,,"[""婚姻／家庭／感情问题""]",,,2023,2023-04,2023-Q2,待核实,False,True,True,3,0,,,,
黄岛区,城市,1,6,,,,2023-12-26,,,公交乘客、排队人员及学生,23,男,休学大学生,法院认定为报复学校，刺伤学校周边无辜学生群众。起诉书具体称盗窃休学后复学未果而生不满。,司法鉴定为人格障碍，完全刑事责任能力。,,案前购买凶器、向媒体发预告邮件；判决还记载此前就谅解书、复学沟通多次发表威胁言论。,在附近洗浴中心门口被抓获。,2023年12月26日一审故意杀人罪死刑；被告人当庭提出上诉，未检出二审或执行公开材料。,2023-12-26,,2023-12-26,已读取紫牛新闻一审判决跟踪全文；此前搜索的搜狐转载访问失败，改从新浪全文核对。,,,"[""学业受挫"", ""泄愤报复""]",法院认定,官方转载,True,True,官方事实直接支持,B32,2023-04-19,day,青岛山东科技大学北公交站及周边袭击案,山东,青岛,校园及周边,持械,core,起诉书明确预谋报复学校，在站台和车内连续攻击排队上车人员及无关乘客。,"[""BS35"", ""BS53""]","{""date"": [""BS35""], ""location"": [""BS35""], ""casualties"": [""BS35""], ""classification"": [""BS35"", ""BS53""], ""motive"": [""BS35"", ""BS53""], ""outcome"": [""BS35"", ""BS53""]}",,,,,,,,,,,,,"[""学业问题"", ""泄愤／转移报复""]",,,2023,2023-04,2023-Q2,核心,True,True,True,1,6,,,,
大涌镇,镇区,0,4,,,,2023-05-12,,,,48,男,,,,,,警方控制司机带所调查。,调查中。,,,2023-05-12,,,,[],未知,官方转载,True,False,媒体调查／研究推断,B33,2023-05-12,day,中山大涌镇装载作业车连续碰撞事件,广东,中山,街道交通,驾车,pending,通报没有确认故意冲撞或随机选择对象；仅凭连续碰撞无法定性。,"[""BS36""]","{""date"": [""BS36""], ""location"": [""BS36""], ""casualties"": [""BS36""], ""classification"": [""BS36""], ""motive"": [], ""outcome"": [""BS36""]}",,,,,,,,,,,,,[],,,2023,2023-05,2023-Q2,待核实,False,True,False,0,4,,,,
兴县,城乡跨场景,7,11,,,,2023-05-14,包含最初家庭内3死1伤及后续撞人4死10伤，勿重复相加。,True,感情纠纷女子及家属；另有出警人员与行人,27,男,,警方初查源于感情纠纷。,,,,警方抓获；省市县联合处置。,侦查中；公开判决未检出。,,,2023-05-14,,,,"[""感情纠纷""]",警方初步通报,官方转载,True,True,官方事实直接支持,B34,2023-05-13,day,山西兴县定向杀伤后驾车冲撞行人案,山西,吕梁,街道交通,复合,expanded,原本针对感情纠纷对象及家属，随后逃窜驾车撞警务人员和行人，明确扩展至无关路人。,"[""BS37""]","{""date"": [""BS37""], ""location"": [""BS37""], ""casualties"": [""BS37""], ""classification"": [""BS37""], ""motive"": [""BS37""], ""outcome"": [""BS37""]}",,,,,,,,,,,,,"[""婚姻／家庭／感情问题""]",,,2023,2023-05,2023-Q2,纠纷扩大,True,True,True,7,11,,,,
云岩区,城市,0,,,,,2023-05-15,未发布确切受伤人数，不能用汇编数字替代。,,路过行人,40,男,,,警方称精神障碍患者；刑责鉴定未知。,,,警方迅速控制嫌疑人，伤者送医。,进一步办理。,,,2023-05-15,案发为5月14日，5月15日系报道日。,,,[],未知,官方转载,True,False,官方确认事件和路人受伤，未明确随机性；待补证,B35,2023-05-14,day,贵阳云岩百草巷剪刀袭击行人案,贵州,贵阳,街道交通,持械,pending,警方确认剪刀伤及路过的几名行人，但未披露双方关系及选择目标过程；本轮补查未取得可靠随机性认定，不能仅凭多人或精神状态推定随机，保留待核。,"[""BS38""]","{""date"": [""BS38""], ""location"": [""BS38""], ""casualties"": [""BS38""], ""classification"": [""BS38""], ""motive"": [], ""outcome"": [""BS38""]}",,,,,几名行人,,,,,,,,[],,,2023,2023-05,2023-Q2,待核实,False,True,False,0,0,官方确认事件和路人受伤，未明确随机性；待补证,,,
南部县,镇区,0,8,,,,2023-05-18,,,,21,男,,,,,,警方抓获。,侦查中。,,,2023-05-18,,,,[],未知,官方转载,True,False,媒体调查／研究推断,B36,2023-05-18,day,四川南部桂博路持刀伤人案,四川,南充,街道交通,持械,pending,通报未说明受害者关系或随机选择，无充分独立材料证明随机性。,"[""BS39""]","{""date"": [""BS39""], ""location"": [""BS39""], ""casualties"": [""BS39""], ""classification"": [""BS39""], ""motive"": [], ""outcome"": [""BS39""]}",,,,,,,,,,,,,[],,,2023,2023-05,2023-Q2,待核实,False,True,False,0,8,,,,
和平区,城市,0,1,,,,2023-05-24,,,,53,男,,,,,,围观群众当场控制；警方确认见义勇为行为。,刑事拘留。,,,2023-05-24,,,,[],未知,官方转载,True,False,媒体调查／研究推断,B37,2023-05-23,day,天津和平山西路剪刀伤害路人案,天津,天津,街道交通,持械,pending,虽称路人，单一目标双方关系与选择原因未明，保守等待随机性证据。,"[""BS40""]","{""date"": [""BS40""], ""location"": [""BS40""], ""casualties"": [""BS40""], ""classification"": [""BS40""], ""motive"": [], ""outcome"": [""BS40""]}",,,,,,,,,,,,,[],,,2023,2023-05,2023-Q2,待核实,False,True,False,0,1,,,,
开福区,城市,0,9,,,,2023-06-06,一人伤势较重，8人稳定无生命危险；未给司法重伤等级。,,,39,男,,,,,,警方抓获逃跑中的司机。,侦办中。,,,2023-06-06,,,,[],未知,官方转载,True,False,媒体调查／研究推断,B38,2023-06-06,day,长沙开福滨河路面包车撞人事件,湖南,长沙,街道交通,驾车,pending,仅有撞人逃逸事实，未确立故意性和无差别袭击动机。,"[""BS41""]","{""date"": [""BS41""], ""location"": [""BS41""], ""casualties"": [""BS41""], ""classification"": [""BS41""], ""motive"": [], ""outcome"": [""BS41""]}",,,,,,,,,,,,,[],,,2023,2023-06,2023-Q2,待核实,False,True,False,0,9,,,,
海港区,城市,,,,,,2023-06-17,网传十余人受伤没有官方确认，死亡和受伤人数均留空。,,,,男,,,,,,警方控制。,调查中。,,,2023-06-17,,,,[],未知,单一媒体,False,False,媒体调查／研究推断,B39,2023-06-16,day,秦皇岛建国路持刀伤人事件,河北,秦皇岛,街道交通,持械,pending,已采访警方确认事件，但人数、对象关系与随机性未明确。,"[""BS42""]","{""date"": [""BS42""], ""location"": [""BS42""], ""casualties"": [""BS42""], ""classification"": [""BS42""], ""motive"": [], ""outcome"": [""BS42""]}",,,,,,,,,,,,,[],,,2023,2023-06,2023-Q2,待核实,False,True,False,0,0,,,,
朝阳区,城市,0,1,,,,2023-12-16,本轮连续投掷2桶水，造成1名摊主受伤；与同日22:40投可乐及6月22日投砖分开计件，三轮总1死2伤。,,无关夜市摊主,23,男,无固定职业,法院认定生活窘迫、认为社会不公，欲自杀但没有勇气，预谋杀人以求死刑。,公安司法鉴定涉案时无精神疾病，完全刑事责任能力（界面核对鉴定意见）。,,,后续6月22日自行投案。,12月13日一审死刑；当庭不上诉，2024年10月21日核准后执行（家属确认）。,2023-12-13,2024-10-21,2024-10-21,原始候选B40按连续过程拆为B40a/B40b。两次重新启动的袭击相隔6小时10分；同日不自动合并。,,,"[""经济受挫"", ""社会不满"", ""借刑求死""]",法院认定,官方转载,True,True,官方事实直接支持,B40a,2023-06-17,day,长春红旗街下午高空投掷水桶伤人案,吉林,长春,商业场所,其他,core,法院认定观察楼下行人后刻意向不特定人群投掷重物，以杀人求获死刑。,"[""BS43"", ""BS44"", ""RS002""]","{""date"": [""BS43"", ""BS44"", ""RS002""], ""location"": [""BS43"", ""BS44"", ""RS002""], ""casualties"": [""BS43"", ""BS44"", ""RS002""], ""classification"": [""BS43"", ""BS44"", ""RS002""], ""motive"": [""BS43"", ""BS44""], ""outcome"": [""BS43"", ""BS44""]}",,,,,,B-SERIES-CHANGCHUN-202306,,,,,2023-06-17T16:30:00+08:00,True,"[""求死／求入狱"", ""泄愤／转移报复"", ""经济／工作／财产纠纷""]",,,2023,2023-06,2023-Q2,核心,True,True,True,0,1,,,,
朝阳区,城市,0,1,,,,2023-12-16,本轮连续投掷3罐饮料，造成1名食客轻微伤；与同日16:30投水桶及6月22日投砖分开计件，三轮总1死2伤。,,无关夜市食客,23,男,无固定职业,法院认定生活窘迫、认为社会不公，欲自杀但没有勇气，预谋杀人以求死刑。,公安司法鉴定涉案时无精神疾病，完全刑事责任能力（界面核对鉴定意见）。,,,后续6月22日自行投案。,12月13日一审死刑；当庭不上诉，2024年10月21日核准后执行（家属确认）。,2023-12-13,2024-10-21,2024-10-21,原始候选B40按连续过程拆为B40a/B40b。两次重新启动的袭击相隔6小时10分；同日不自动合并。,,,"[""经济受挫"", ""社会不满"", ""借刑求死""]",法院认定,官方转载,True,True,官方事实直接支持,B40b,2023-06-17,day,长春红旗街夜间高空投掷罐装饮料伤人案,吉林,长春,商业场所,其他,core,法院认定观察楼下行人后刻意向不特定人群投掷重物，以杀人求获死刑。,"[""BS43"", ""BS44"", ""RS002""]","{""date"": [""BS43"", ""BS44"", ""RS002""], ""location"": [""BS43"", ""BS44"", ""RS002""], ""casualties"": [""BS43"", ""BS44"", ""RS002""], ""classification"": [""BS43"", ""BS44"", ""RS002""], ""motive"": [""BS43"", ""BS44""], ""outcome"": [""BS43"", ""BS44""]}",,,,,,B-SERIES-CHANGCHUN-202306,,,,,2023-06-17T22:40:00+08:00,True,"[""求死／求入狱"", ""泄愤／转移报复"", ""经济／工作／财产纠纷""]",,,2023,2023-06,2023-Q2,核心,True,True,True,0,1,,,,
朝阳区,城市,1,0,,,,2023-12-16,本日期1死；其他两名伤者属6月17日，不重复计数。,,无关食客、摊主和路人,23,男,无固定职业,法院认定生活窘迫、认为社会不公，欲自杀但没有勇气，预谋杀人以求死刑。,公安司法鉴定涉案时无精神疾病，完全刑事责任能力（界面核对鉴定意见）。,,同楼此前多次高空抛物已伤人；家属及摊主称有过报警但未找到人，属媒体转述。,23时30分嫌疑人主动到派出所投案。,12月13日一审死刑；当庭不上诉，2024年10月21日核准后执行（家属确认）。,2023-12-13,2024-10-21,2024-10-21,同一系列含6月17日下午、夜间和6月22日三次独立过程，分别计件；本件21至23时连续投砖计一件。,,,"[""经济受挫"", ""社会不满"", ""借刑求死""]",法院认定,官方转载,True,True,官方事实直接支持,B41,2023-06-22,day,长春红旗街高空投砖致死案,吉林,长春,商业场所,其他,core,法院认定观察楼下行人后刻意向不特定人群投掷重物，以杀人求获死刑。,"[""BS43"", ""BS44""]","{""date"": [""BS43"", ""BS44""], ""location"": [""BS43"", ""BS44""], ""casualties"": [""BS43"", ""BS44""], ""classification"": [""BS43"", ""BS44""], ""motive"": [""BS43"", ""BS44""], ""outcome"": [""BS43"", ""BS44""]}",,,,,,B-SERIES-CHANGCHUN-202306,,,,,,True,"[""求死／求入狱"", ""泄愤／转移报复"", ""经济／工作／财产纠纷""]",,,2023,2023-06,2023-Q2,核心,True,True,True,1,0,,,,
临城镇,镇区,0,,,,,2023-07-01,通报称伤者均无生命危险，网传具体人数不采用。,,,,,,,,,,警方控制嫌疑人、伤者送医。,侦办中。,,,2023-07-01,,,,[],未知,官方转载,True,False,媒体调查／研究推断,B42,2023-06-30,day,海南临高临城镇二环路持刀伤人案,海南,临高县,街道交通,持械,pending,官方证实伤人，未披露人数、目标关系或选择方式。,"[""BS45""]","{""date"": [""BS45""], ""location"": [""BS45""], ""casualties"": [""BS45""], ""classification"": [""BS45""], ""motive"": [], ""outcome"": [""BS45""]}",,,,,,,,,,,,,[],,,2023,2023-06,2023-Q2,待核实,False,True,False,0,0,,,,
廉江市,镇区,6,1,,,,2023-07-10,,True,幼儿园内人员，包含幼儿,25,男,,,,,,7时40分发案，8时许警方抓获。,侦办中；裁判未检出。,,,2023-07-10,,,,[],未知,官方转载,True,False,媒体调查／研究推断,B43,2023-07-10,day,广东廉江横山镇幼儿园持刀伤人案,广东,湛江,校园及周边,持械,pending,案件伤亡已获警方证实，尚无可靠材料确认对象选择与关系；不采信网传私人报复起因，也不直接称随机。,"[""BS46""]","{""date"": [""BS46""], ""location"": [""BS46""], ""casualties"": [""BS46""], ""classification"": [""BS46""], ""motive"": [], ""outcome"": [""BS46""]}",,,,,,,,,,,,,[],,,2023,2023-07,2023-Q3,待核实,False,True,False,6,1,,,,
罗平县,镇区,2,7,,,,2023-08-08,总计9名受害者；母亲和逃窜阶段受伤者均在2死7伤内。,,,20,男,,,警方称有精神病史，未披露司法责任能力鉴定。,,,警方抓获，伤者送医。,侦办中。,,,2023-08-08,,,,[],未知,官方转载,True,True,官方事实直接支持,B44,2023-08-08,day,云南罗平伤母后逃窜持刀伤人案,云南,曲靖,街道交通,持械,expanded,先刺母亲后在逃窜过程中继续刺伤8人，攻击范围从家庭扩展到街面他人。,"[""BS47""]","{""date"": [""BS47""], ""location"": [""BS47""], ""casualties"": [""BS47""], ""classification"": [""BS47""], ""motive"": [], ""outcome"": [""BS47""]}",,,,,,,,,,,,,[],,,2023,2023-08,2023-Q3,纠纷扩大,True,True,False,2,7,,,,
枣阳市,城市,,4,,,,2023-08-17,4伤来自目击者，非官方最终数字；是否死亡未见可靠说明。,,报道称老年人及女性路人,,男,,,,,,商户泼水阻止，群众报警。,,,,2023-08-17,不采信目击者关于精神病的猜测。,,,[],未知,单一媒体,False,False,媒体调查／研究推断,B45,2023-08-17,day,湖北枣阳万象城附近沿街持刀伤人事件,湖北,襄阳,街道交通,持械,pending,目击采访支持沿街攻击路人，但目前只有同一电视报道转载，未满足独立多源或官方证据标准。,"[""BS48""]","{""date"": [""BS48""], ""location"": [""BS48""], ""casualties"": [""BS48""], ""classification"": [""BS48""], ""motive"": [], ""outcome"": [""BS48""]}",,,,,,,,,,,,,[],,,2023,2023-08,2023-Q3,待核实,False,True,False,0,4,,,,
龙华区,城市,1,3,,,,2023-11-09,,,,37,男,,,,,,警方现场抓获，伤者送医。,侦办中。,,,2023-11-09,部分汇编称20时，按警方通报18时。,,,[],未知,官方转载,True,False,媒体调查／研究推断,B47,2023-11-09,day,深圳龙华大浪广场附近持刀伤人案,广东,深圳,公园广场,持械,pending,事件伤亡获警方确认，但起因和对象关系未披露。,"[""BS50""]","{""date"": [""BS50""], ""location"": [""BS50""], ""casualties"": [""BS50""], ""classification"": [""BS50""], ""motive"": [], ""outcome"": [""BS50""]}",,,,,,,,,,,,,[],,,2023,2023-11,2023-Q4,待核实,False,False,False,1,3,,,,
新都区,城市,0,,,,,2023-12-24,通报未给伤者数，不采用汇编的5伤。,,,21,男,,,警方称有精神病史；无刑责鉴定。,,,现场群众制服后警方控制。,侦办中。,,,2023-12-24,,,,[],未知,官方转载,True,False,媒体调查／研究推断,B46,2023-12-24,day,成都新都同福路持刀伤人案,四川,成都,街道交通,持械,pending,官方确认事件但未披露确切人数或受害者关系，不能仅凭地点和精神病史推断随机。,"[""BS49""]","{""date"": [""BS49""], ""location"": [""BS49""], ""casualties"": [""BS49""], ""classification"": [""BS49""], ""motive"": [], ""outcome"": [""BS49""]}",,,,,,,,,,,,,[],,,2023,2023-12,2023-Q4,待核实,False,False,False,0,0,,,,
德城区,城市,2,,6,,,2024-03-01,,,,,,,,,,,驾驶人当场被抓,,,,2024-03-01,6为已披露重伤人数；不把网上所传十余儿童或同名旧案拼接为本案事实。,,6,[],未知,官方转载,True,False,媒体调查／研究推断,C005,2024-03-01,day,德州安居苑道路车辆撞人事件,山东,德州,街道交通,驾车,pending,警方确认车辆冲撞及伤亡，公开报道仍称交通肇事；未取得可证明故意袭击或随机性的裁判材料。,"[""CS008""]","{""date"": [""CS008""], ""location"": [""CS008""], ""casualties"": [""CS008""], ""classification"": [""CS008""], ""motive"": [], ""outcome"": []}",,,,,6人重伤；其他伤者人数未见明确披露,,,,,,,,[],,,2024,2024-03,2024-Q1,待核实,False,True,False,2,6,,,,
祁东县,乡镇,,,,,,2024-03-12,单一媒体称1死1伤；未作为核实数字。,True,据报为用餐小学生,,男,,,村民称有精神疾病，未经司法鉴定确认,报道村民称前一年曾入校划伤学生，未取得独立核证,上述既往袭击及保安离岗仅属单一采访说法,,,,,2024-03-12,,,,[],未知,单一媒体,False,False,媒体调查／研究推断,C009,2024-03-04,day,祁东三友小学持刀袭击报道,湖南,衡阳,校园及周边,持械,pending,独立记者采访的单一报道可见存档，缺第二独立采集来源及完整官方确认。,"[""CS015""]","{""date"": [""CS015""], ""location"": [""CS015""], ""casualties"": [""CS015""], ""classification"": [""CS015""], ""motive"": [], ""outcome"": []}",,,,,,,,,,,,,[],,,2024,2024-03,2024-Q1,待核实,False,True,False,0,0,,,,
椒江区,城市,3,16,,,,2024-03-30,,,校内学生,,男,该校学生,,,,三联采访同学辨认疑似随机攻击威胁聊天；真实性尚待司法证据核验。,,,,,2024-03-30,官方通报完整转载已补得；2026年安全保卫研究文章的相关页面访问失败，未把搜索摘要的故意冲卡描述当正式结论。,,,[],未知,官方转载,True,False,媒体调查／研究推断,C006,2024-03-19,day,台州职业技术学院车辆冲撞事件,浙江,台州,校园及周边,驾车,pending,媒体有学生访谈和疑似威胁聊天截图，但尚未取得明确故意性及随机性司法认定；保守待核。,"[""CS009"", ""CS010""]","{""date"": [""CS009"", ""CS010""], ""location"": [""CS009"", ""CS010""], ""casualties"": [""CS009"", ""CS010""], ""classification"": [""CS009"", ""CS010""], ""motive"": [], ""outcome"": []}",,,,,,,,,,,,,[],,,2024,2024-03,2024-Q1,待核实,False,True,False,3,16,,,,
吉州区,城市,0,2,,,,2024-04-10,,,,38,男,,,,,,,余某逃匿后被抓。,,,2024-04-11,案发4月10日，不能将4月13日媒体转载日当案发日。,,,[],未知,官方转载,True,False,媒体调查／研究推断,C030,2024-04-10,day,吉安翠岭路持刀伤人案,江西,吉安,街道交通,持械,pending,官方称伤害路人，但未交代双方关系；路人称谓不足以单独证明不特定目标。,"[""CS041""]","{""date"": [""CS041""], ""location"": [""CS041""], ""casualties"": [""CS041""], ""classification"": [""CS041""], ""motive"": [], ""outcome"": [""CS041""]}",,,,,,,,,,,,,[],,,2024,2024-04,2024-Q2,待核实,False,True,False,0,2,,,,
封开县,乡镇,,,,,,2024-04-26,,,,,,,,,,,,,,,2024-04-26,,,,[],未知,官方转载,True,False,媒体调查／研究推断,C039,2024-04-26,day,封开江口街道汽车碰撞摩托车事件,广东,肇庆,街道交通,驾车,pending,警方通报交通事故，未明原因；先持刀行凶再撞人等说法未获证实。,"[""CS050""]","{""date"": [""CS050""], ""location"": [""CS050""], ""casualties"": [""CS050""], ""classification"": [""CS050""], ""motive"": [], ""outcome"": []}",,,,,有人员受伤，人数未公布,,,,,,,,[],,,2024,2024-04,2024-Q2,待核实,False,True,False,0,0,,,,
镇雄县,,2,21,,,,2024-05-07,,True,,40,男,,,,,,当日下午在县内抓获；在场患者曾对峙并追赶制止,已抓获；未检得本案可核实裁判,,,2024-05-14,官方人士称网传朋友圈动机截图不实。不能把亲属所述旧案不满直接等同本次动机。,,,[],未知,官方转载,True,False,警方确认医院持刀案及2死21伤，未披露受害关系；南风窗标题称随机但正文未明确关系，仍待核。,C007,2024-05-07,day,镇雄城南医院持刀伤人案,云南,昭通,医疗机构,持械,pending,官方确认医院多人遇袭；可靠正文未明确披露受害人与嫌犯关系，随机性须进一步确认。,"[""CS011"", ""CS012"", ""RCS001"", ""RCS003""]","{""date"": [""CS011"", ""CS012""], ""location"": [""CS011"", ""CS012""], ""casualties"": [""CS011"", ""CS012""], ""classification"": [""CS011"", ""CS012""], ""motive"": [], ""outcome"": [""CS011"", ""CS012""], ""involves_children"": [""RCS001""]}",,,,,,,,,,,,,[],,,2024,2024-05,2024-Q2,待核实,False,True,False,2,21,,,,
贵溪市,乡镇,2,10,,,,2024-05-20,10名存活伤者中4名直接受伤、6名躲闪擦伤；死者不重复计伤。,True,小学低年级学生,45,女,当地医护人员（居民接受南风窗采访所述，警方未确认）,,,,,警方控制嫌疑人；学校临时停课,,,,2024-05-21,动机未披露；不把性格描述当精神医学诊断。 人口特征复核：年龄性别为警方通报；职业仅为多名居民接受南风窗采访的陈述，警方回应以通报为准，须保留此证据层级。,,,[],未知,官方转载,True,False,发生与伤亡获警方确认；校园低年级学生群体受袭的分类依据来自南风窗家长、学生等采访。,C008,2024-05-20,day,贵溪文坊明德小学持刀袭击案,江西,鹰潭,校园及周边,持械,core,警方确认小学持刀案；南风窗对家长和学生的采访确认低年级教室及多名儿童遇袭。按校园学生群体受袭行为归入核心，随机性不作为警方通报的直接结论。,"[""CS013"", ""CS014""]","{""date"": [""CS013"", ""CS014""], ""location"": [""CS013"", ""CS014""], ""casualties"": [""CS013"", ""CS014""], ""classification"": [""CS013"", ""CS014""], ""motive"": [], ""outcome"": [], ""demographics"": [""CS013"", ""CS014""]}",,,,,,,,,,,,,[],,,2024,2024-05,2024-Q2,核心,False,True,False,2,10,公安通报确认成人校园袭击及伤亡；低年级教室和学生群体的具体过程来自南风窗采访。,2024-05-20,案发时警方披露年龄/性别；职业按逐项来源归因,
苏仙区,,3,2,,,,2024-05-21,,,,35,男,,,,,,嫌疑人被抓获,,,,2024-05-21,,,,[],未知,官方转载,True,False,媒体调查／研究推断,C010,2024-05-20,day,郴州苏仙区公园刑事案件,湖南,郴州,公园广场,其他,pending,通报仅称刑事案件及伤亡，未披露行为方式、动机或被害关系，不能凭多人伤亡认定随机袭击。,"[""CS016""]","{""date"": [""CS016""], ""location"": [""CS016""], ""casualties"": [""CS016""], ""classification"": [""CS016""], ""motive"": [], ""outcome"": []}",,,,,,,,,,,,,[],,,2024,2024-05,2024-Q2,待核实,False,True,False,3,2,,,,
船营区,城市,0,5,,,,2024-06-11,,,1名碰撞者、3名同行者及1名劝阻游客,55,男,,警方初查走路碰撞后持刀行凶。,,,,劝阻游客受伤；嫌疑人当日被抓,,,,2024-06-11,不据外籍身份推定仇外动机。 人口特征复核：船营警方通报明确男55岁，未披露职业；授课人员为受害者，不是嫌疑人职业。,,,"[""临时纠纷""]",警方初步通报,官方转载,True,True,完整警方通报明确：与一名游客碰撞后，刺伤其同行者和上前制止的中国游客，超出原碰撞对象。,C011,2024-06-10,day,吉林北山公园持刀伤人案,吉林,吉林,公园广场,持械,expanded,警方称先与一名游客碰撞后攻击其同行者及劝阻游客，伤害扩大到原碰撞以外人员。,"[""CS017""]","{""date"": [""CS017""], ""location"": [""CS017""], ""casualties"": [""CS017""], ""classification"": [""CS017""], ""motive"": [""CS017""], ""outcome"": [], ""demographics"": [""CS017""]}",,,,,,,,,,,,,"[""其他已披露背景""]",,,2024,2024-06,2024-Q2,纠纷扩大,True,True,True,0,5,,2024-06-10,案发时警方披露年龄/性别；职业按逐项来源归因,
闵行区,城市,,3,,,,2024-06-19,,,,54,男,,,,,,警方抓获,,,,2024-06-19,,,,[],未知,官方转载,True,False,媒体调查／研究推断,C012,2024-06-19,day,上海合川路地铁站持刀伤人案,上海,上海,公共交通,持械,pending,官方确认3人受伤，但未披露关系或随机选择过程，不能仅因公共场所多人被刺列核心。,"[""CS018""]","{""date"": [""CS018""], ""location"": [""CS018""], ""casualties"": [""CS018""], ""classification"": [""CS018""], ""motive"": [], ""outcome"": []}",,,,,,,,,,,,,[],,,2024,2024-06,2024-Q2,待核实,False,True,False,0,3,,,,
虎丘区（高新区）,城市,1,2,,,,2024-06-29,最初3名伤者中救人者于6月26日死亡，余2人存活。,True,日本母子及阻拦袭击的校车工作人员,52,男,无业（警方通报）,据富士电视台援引日本外务省的判决说明，被告因债务产生厌世心理并杀伤3人；未取得中国法院裁判全文。,,,,群众、途经司机及巡警合力制服,2025年4月日方证实中方通知已执行死刑；具体执行日期未披露,2025-01-23,,2025-04-18,法院认定内容由日方对判决的说明转述；执行通知日期不得当作实际执行日。 人口特征复核：采用案发次日警方通报男52岁、无业，避免将2025年报道年龄当作精确案发年龄；FNN判决报道亦称无职。,,,"[""债务压力"", ""厌世""]",法院认定,官方转载,True,False,官方见义勇为材料说明持续袭击妇女儿童及阻拦者；核心分类还使用FNN转述日本外务省对判决债务动机的说明。未直接取得完整中国裁判书。,C013,2024-06-24,day,苏州日本学校校车站持刀袭击案,江苏,苏州,公共交通,持械,core,袭击候车妇女儿童并攻击阻拦者，官方追授说明其阻止了对无辜者的持续袭击；后续报道判决指生活绝望及债务。,"[""CS019"", ""CS022"", ""CS059"", ""CS060"", ""RSD003""]","{""date"": [""CS019"", ""CS022"", ""CS059"", ""CS060""], ""location"": [""CS019"", ""CS022"", ""CS059"", ""CS060""], ""casualties"": [""CS019"", ""CS022"", ""CS059"", ""CS060""], ""classification"": [""CS019"", ""CS022"", ""CS059"", ""CS060""], ""motive"": [""CS059""], ""outcome"": [""CS022"", ""CS059"", ""CS060""], ""demographics"": [""RSD003"", ""CS059""]}",,,,,,,,,,,,,"[""生活受挫／疏离／厌世"", ""经济／工作／财产纠纷""]",,,2024,2024-06,2024-Q2,核心,False,True,True,1,2,苏州法院动机认定通过日本官方向记者介绍的裁判内容转述，另有江苏官方救人事迹；不是本项目直接取得的中国法院裁判正文。,2024-06-24,案发时警方披露年龄/性别；职业按逐项来源归因,
开福区,,8,5,2,,,2024-07-27,,,,55,男,,,,,,,粟某某被控制。,,,2024-07-27,,,,[],未知,官方转载,True,False,媒体调查／研究推断,C040,2024-07-27,day,长沙月湖街道车辆撞人案,湖南,长沙,街道交通,驾车,pending,官方确认刑事案件和伤亡，未明主动冲撞过程及被害关系，不能仅依8死认定随机。,"[""CS051""]","{""date"": [""CS051""], ""location"": [""CS051""], ""casualties"": [""CS051""], ""classification"": [""CS051""], ""motive"": [], ""outcome"": [""CS051""]}",,,,,,,,,,,,,[],,,2024,2024-07,2024-Q3,待核实,False,True,False,8,5,,,,
横栏镇,,,8,,,,2024-08-13,,,,29,男,,,,,,司机当场控制,,,,2024-08-13,,,,[],未知,官方转载,True,False,媒体调查／研究推断,C018,2024-08-13,day,中山横栏厨卫工厂车辆撞人事件,广东,中山,其他,驾车,pending,官方仅证实车辆碰撞及8人受伤，开除后泄愤说法未获可靠核实。,"[""CS027""]","{""date"": [""CS027""], ""location"": [""CS027""], ""casualties"": [""CS027""], ""classification"": [""CS027""], ""motive"": [], ""outcome"": []}",,,,,,,,,,,,,[],,,2024,2024-08,2024-Q3,待核实,False,True,False,0,8,,,,
东平县,城市,11,13,,,,2024-09-03,11死包括6名家长5名学生；13名伤者含1危重，危重不等于法医重伤。,True,,,,,,,,,,驾驶员及公交公司相关人员被调查。,,,2024-09-03,,,,[],未知,官方转载,True,False,媒体调查／研究推断,C046,2024-09-03,day,东平佛山中学附近公交车失控事故,山东,泰安,校园及周边,驾车,excluded,完整警方通报为接送学生车辆失控交通事故；没有支持故意袭击的核实材料。,"[""CS057""]","{""date"": [""CS057""], ""location"": [""CS057""], ""casualties"": [""CS057""], ""classification"": [""CS057""], ""motive"": [], ""outcome"": [""CS057""]}",,,,,,,,,,,,,[],,,2024,2024-09,2024-Q3,排除,False,True,False,11,13,,,,
南山区,城市,1,0,,,,2024-09-20,,True,上学途中10岁儿童,44,男,无固定职业,联合早报转述日本驻华大使的判决说明：为在网上博取关注而购买刀具、袭击儿童，案发后曾打电话给媒体；未取得中国裁判全文。,,,,当场抓获；医疗抢救；学校加强安保与心理支持,故意杀人罪死刑已执行；日方4月21日获通知，执行日未披露,2025-01-24,,2025-04-22,涉嫌旧违法经历非既往暴力定罪；不得因日期或国籍推定仇外动机。 人口特征复核：深圳特区报记者向警方核实男44岁、无固定职业。,,,"[""寻求关注""]",法院认定,官方转载,True,False,警方确认上学男童遇害；核心分类的非私人定向性质主要依赖媒体转述日本驻华大使对判决博取关注动机的说明。未直接取得完整中国裁判书。,C014,2024-09-18,day,深圳日本学校学童遭持刀袭击案,广东,深圳,校园及周边,持械,core,无辜上学儿童遭陌生成人主动袭击，官方确认单人作案；日方庭审信息指为引发网络关注，非已知私人定向纠纷。,"[""CS020"", ""CS021"", ""CS060""]","{""date"": [""CS020"", ""CS021"", ""CS060""], ""location"": [""CS020"", ""CS021"", ""CS060""], ""casualties"": [""CS020"", ""CS021"", ""CS060""], ""classification"": [""CS020"", ""CS021"", ""CS060""], ""motive"": [""CS060""], ""outcome"": [""CS021"", ""CS060""], ""demographics"": [""CS020""]}",,,,,,,,,,,,,"[""寻求关注／表达诉求""]",,,2024,2024-09,2024-Q3,核心,False,False,True,1,0,深圳案件裁判的网络关注动机由日驻华大使向媒体介绍，外务省确认执行通知；与直接取得国内裁判正文分层。,2024-09-18,案发时警方披露年龄/性别；职业按逐项来源归因,
松江区,城市,3,15,,,,2024-10-01,18名送医者中3名死亡；其余15人不再重复计入死亡。,,,37,男,,警方初查个人经济纠纷后来沪泄愤。,,,,当场抓获,警方侦办，未检得可核实裁判后续,,,2024-10-01,网传内部材料、欠薪原因及全名不采信。 人口特征复核：松江警方通报明确男37岁，未披露职业。,,,"[""经济纠纷"", ""泄愤""]",警方初步通报,官方转载,True,False,警方事实基础上的研究推断：个人经济纠纷后来沪在超市泄愤。通报未逐一公布受害关系，随机性不是法院判定。,C004,2024-09-30,day,上海松江超市持刀袭击案,上海,上海,商业场所,持械,core,警方初查为个人经济纠纷后来沪、在超市持刀泄愤；依据该行为背景归入核心。随机性为官方事实基础上的研究判断，通报未逐一披露受害关系。,"[""CS007""]","{""date"": [""CS007""], ""location"": [""CS007""], ""casualties"": [""CS007""], ""classification"": [""CS007""], ""motive"": [""CS007""], ""outcome"": [""CS007""], ""demographics"": [""CS007""]}",,,,,,,,,,,,,"[""泄愤／转移报复"", ""经济／工作／财产纠纷""]",,,2024,2024-09,2024-Q3,核心,False,False,True,3,15,,2024-09-30,案发时警方披露年龄/性别；职业按逐项来源归因,
天河区,城市,0,3,,,,2024-10-09,,True,路人，含两名小学生,60,男,,,,财新查阅司法材料：2017年持刀攻击前女友，2018年因故意杀人未遂获刑6年6个月,,工人、酒店保安协助制服,,,,2024-10-09,本案动机未知，不能将旧情感纠纷当作本次动机。 人口特征复核：财新转述天河警方为60岁男子；刑释及初中文化不等于职业信息，仍未知。,,,[],未知,官方转载,True,False,警方完整通报证实伤害路人；两名学生和成人身份来自财新核实，面向校外人群的分类含媒体与研究判断。,C015,2024-10-08,day,广州天河华强路小学周边持刀袭击案,广东,广州,校园及周边,持械,core,警方完整通报证实在华强路持刀伤害路人；财新核实伤者含两名小学生。根据校门附近群体受袭的行为证据归入核心，官方没有直接使用随机或无差别的定性。,"[""CS023"", ""RCS002""]","{""date"": [""CS023""], ""location"": [""CS023""], ""casualties"": [""CS023""], ""classification"": [""CS023"", ""RCS002""], ""motive"": [], ""outcome"": [], ""demographics"": [""CS023""]}",,,,,,,,,,,,,[],,,2024,2024-10,2024-Q4,核心,False,False,False,0,3,警方确认路人受伤；两名不同学生和现场目标群体来自财新采访。,2024-10-08,案发时警方披露年龄/性别；职业按逐项来源归因,
市北区,城市,,,,,,2024-10-24,,,,48,男,,,,,,,孙某某被控制。,,,2024-10-24,,,3,[],未知,官方转载,True,False,媒体调查／研究推断,C033,2024-10-23,day,青岛悦荟广场附近搅拌车碰撞多车事件,山东,青岛,街道交通,驾车,pending,官方初查涉嫌醉驾；网络影片所称主动报复意图未经身份与真实性核验，保留冲突待核。,"[""CS044""]","{""date"": [""CS044""], ""location"": [""CS044""], ""casualties"": [""CS044""], ""classification"": [""CS044""], ""motive"": [], ""outcome"": [""CS044""]}",,,,,3人留院治疗,,,,,,,,[],,,2024,2024-10,2024-Q4,待核实,False,False,False,0,3,,,,
海淀区,城市,0,5,,,,2024-10-29,,True,3名学生及阻止行凶的家长、教练,50,男,,,,,,现场群众制止，嫌疑人当场控制,,,,2024-10-29,不采用网传被辞退保安等身份与动机。 人口特征复核：海淀警方通报明确男50岁；未采网传被辞退保安身份。,,,[],未知,官方转载,True,False,警方证实5路人受伤、含3未成年人；3学生及2名制止者来自财新采访，核心分类使用该行为结构。,C016,2024-10-28,day,北京海淀中关村三小周边持刀袭击案,北京,北京,校园及周边,持械,core,警方通报伤及5名路人，媒体确认3名学生及2名阻止行凶者，属于主动袭击校外儿童人群。,"[""CS024"", ""CS025""]","{""date"": [""CS024"", ""CS025""], ""location"": [""CS024"", ""CS025""], ""casualties"": [""CS024"", ""CS025""], ""classification"": [""CS024"", ""CS025""], ""motive"": [], ""outcome"": [], ""demographics"": [""CS024""]}",,,,,,,,,,,,,[],,,2024,2024-10,2024-Q4,核心,False,False,False,0,5,公安通报确认5名路人含3名未成年人受伤；学生及劝阻者身份来自财新。,2024-10-28,案发时警方披露年龄/性别；职业按逐项来源归因,
香洲区,城市,35,43,,,,2024-11-12,采用警方公开人数；判决和执行公告未另列最终伤亡人数。,,体育中心锻炼群众,62,男,,法院认定婚姻破裂、生活失意且不满离婚财产分割，决意撞人泄愤。,,,,,一审死刑，经最高法核准执行,2024-12-27,2025-01-20,2025-01-20,人口特征复核：年龄性别据11月12日警方通报完整文字；驾驶车辆为行为描述，职业仍未知。,,,"[""婚姻家庭"", ""财产纠纷"", ""泄愤""]",法院认定,官方转载,True,True,法院公开事实明确：为泄私愤故意冲撞正在锻炼的人群。,C001,2024-11-11,day,珠海体育中心驾车冲撞人群案,广东,珠海,公园广场,驾车,core,法院确认主动冲撞锻炼人群发泄私愤，受害人非原婚姻财产纠纷对象。,"[""CS001"", ""CS002"", ""CS003"", ""RSD001""]","{""date"": [""CS001"", ""CS003""], ""location"": [""CS001"", ""CS003""], ""casualties"": [""CS003""], ""classification"": [""CS001""], ""motive"": [""CS001""], ""outcome"": [""CS001"", ""CS002""], ""demographics"": [""RSD001""]}",,,,,,,,,,,,,"[""婚姻／家庭／感情问题"", ""泄愤／转移报复"", ""经济／工作／财产纠纷""]",,,2024,2024-11,2024-Q4,核心,True,False,True,35,43,,2024-11-11,案发时警方披露年龄/性别；职业按逐项来源归因,
宜兴市,,8,17,,,,2025-01-20,,,校园遇袭人员；已打开的官方公开摘要未逐一披露受害者与施害者关系。,21,男,该校2024届毕业生（警方披露身份；就业状态未明）,警方初查称考试不合格未获毕业证及不满实习报酬，返校行凶。,,,,当场抓获,故意杀人罪死刑，已执行,2024-12-17,2025-01-20,2025-01-20,不采用网传遗书及欠薪细节作为确定事实。 人口特征复核：警方披露年龄性别及该校2024届毕业生身份；未拿到毕业证与实习报酬不满不等于已证实无业。,,,"[""学业受挫"", ""劳动报酬"", ""泄愤""]",警方初步通报,官方转载,True,False,官方确认行凶、毕业证及实习报酬不满后返校发泄；核心分类含研究推断。执行公告未披露逐名被害关系，不等于法院明确认定随机。,C002,2024-11-16,day,宜兴无锡工艺职业技术学院持刀袭击案,江苏,无锡,校园及周边,持械,core,警方通报因毕业证及实习报酬不满返校发泄；依据校园群体受袭的行为背景归入核心。此为基于官方事实的研究分类，不能写成法院已明确认定受害者均与原纠纷无关。,"[""CS004"", ""CS005""]","{""date"": [""CS004"", ""CS005""], ""location"": [""CS004"", ""CS005""], ""casualties"": [""CS004"", ""CS005""], ""classification"": [""CS004"", ""CS005""], ""motive"": [""CS005""], ""outcome"": [""CS004"", ""CS005""], ""demographics"": [""CS005""]}",,,,,,,,,,,,,"[""学业问题"", ""泄愤／转移报复"", ""经济／工作／财产纠纷""]",,,2024,2024-11,2024-Q4,核心,False,False,True,8,17,,2024-11-16,案发时警方披露年龄/性别；职业按逐项来源归因,
鼎城区,城市,0,30,0,,,2024-12-23,7人轻伤、16人轻微伤、7人轻微伤以下；包括18名小学生。,True,不特定小学生和群众,39,男,,法院认定投资亏损及家庭矛盾，借袭击发泄个人情绪。,,,,当场抓获,以危险方法危害公共安全罪判死刑缓期二年执行,2024-12-23,,2024-12-23,人口特征复核：财新转述案发当日鼎城警方通报，男39岁；所用法院正文未列年龄，增补警方通报转述；职业未知。,,,"[""投资亏损"", ""婚姻家庭"", ""泄愤""]",法院认定,官方转载,True,True,法院公开事实明确选择不特定多数无辜小学生，并连续冲撞后持械攻击群众。,C003,2024-11-19,day,常德永安小学周边驾车及持械袭击案,湖南,常德,校园及周边,复合,core,法院明确认定选择不特定多数无辜小学生为主要作案对象。,"[""CS006"", ""RSD002""]","{""date"": [""CS006""], ""location"": [""CS006""], ""casualties"": [""CS006""], ""classification"": [""CS006""], ""motive"": [""CS006""], ""outcome"": [""CS006""], ""demographics"": [""RSD002""]}",,,,,,,,,,,,,"[""婚姻／家庭／感情问题"", ""泄愤／转移报复"", ""经济／工作／财产纠纷""]",,,2024,2024-11,2024-Q4,核心,True,False,True,0,30,,2024-11-19,案发时警方披露年龄/性别；职业按逐项来源归因,
新津区,城市,,,,,,,未报道人员伤亡，不将未报道写为0。,,,,男,,因盗窃被行政拘留后，认为生活不公，放火泄愤。,司法鉴定酒精有害使用及待分类精神障碍，完全刑事责任能力。,,,,新津法院判放火罪有期徒刑3年，具体宣判日未披露。,,,2025-05-14,,,,"[""不满处罚"", ""泄愤""]",法院认定,官方转载,True,False,媒体调查／研究推断,C043,2024-11-25,day,成都新津四处纵火焚毁财物案,四川,成都,社区住宅,纵火,excluded,有报复社会及放火罪判决，但本报道只确认烧毁财物，无直接袭击人员或人员伤害，未满足本研究随机伤人条件。,"[""CS054""]","{""date"": [""CS054""], ""location"": [""CS054""], ""casualties"": [""CS054""], ""classification"": [""CS054""], ""motive"": [""CS054""], ""outcome"": [""CS054""]}",,,,,,,,,,,,,"[""其他已披露背景"", ""泄愤／转移报复""]",,,2024,2024-11,2024-Q4,排除,False,False,True,0,0,,,,
新都区,城市,0,3,0,,,2024-12-11,,,路人；受伤女子称不认识嫌犯,29,男,,,,,,目击者报警急救；警方当场控制并刑拘,,,,2024-12-11,街道袭击，虽邻地铁站仍归街道交通场景。 人口特征复核：南国早报完整引用新都警方通报男29岁；职业未披露。,,,[],未知,官方转载,True,False,警方称持剪刀乱挥；媒体引述伤者不认识施害者及目击者对过路女子遇袭的描述，补足随机性依据。,C017,2024-12-10,day,成都三河场地铁站外持剪刀伤人案,四川,成都,街道交通,持械,core,警方持剪刀乱挥通报与受害者不认识袭击者、目击者描述对过路人攻击的资料相符。,"[""CS026""]","{""date"": [""CS026""], ""location"": [""CS026""], ""casualties"": [""CS026""], ""classification"": [""CS026""], ""motive"": [], ""outcome"": [], ""demographics"": [""CS026""]}",,,,,,,,,,,,,[],,,2024,2024-12,2024-Q4,核心,False,False,False,0,3,警方确认持剪刀乱挥伤人；陌生人关系和向过路者刺击来自目击及受害者陈述。,2024-12-10,案发时警方披露年龄/性别；职业按逐项来源归因,
沈河区,城市,,,,,,,,,,,,,,,,,,,,,2025-01-27,,,,[],未知,单一媒体,False,False,媒体调查／研究推断,C045,2025-01-26,day,沈阳大东副食品商场外不明爆炸事件,辽宁,沈阳,商业场所,爆炸,pending,公开影像及报道显示爆炸，但原因、人为故意性与袭击目标均不明；不采信政治动机猜测。,"[""CS056""]","{""date"": [""CS056""], ""location"": [""CS056""], ""casualties"": [], ""classification"": [""CS056""], ""motive"": [], ""outcome"": []}",,,,,,,,,,,,,[],,,2025,2025-01,2025-Q1,待核实,False,True,False,0,0,,,,
婺城区,乡镇,,,,,,,死亡6、7至14等说法冲突，不采纳；不认定司机性别和动机。,,,,,,,,,,,,,,2025-04-23,,,,[],未知,网传待核,False,False,媒体调查／研究推断,C036,2025-04-22,day,网传金华苏孟小学门口车辆冲撞事件,浙江,金华,校园及周边,驾车,pending,社交视频线索被多媒体转述，但未取得官方通报及独立采集的充分核实；不按转载数提升可靠度。,"[""CS047""]","{""date"": [""CS047""], ""location"": [""CS047""], ""casualties"": [""CS047""], ""classification"": [""CS047""], ""motive"": [], ""outcome"": []}",,,,,,,,,,,,,[],,,2025,2025-04,2025-Q2,待核实,False,True,False,0,0,,,,
河西区,城市,,,,,,2025-05-01,东网报道2死、6名医护遇袭及1重伤；未将未经交叉核实数字计入精确伤亡。,,,,,,,,,,,,,,2025-05-01,医保报销、47岁简某等资料亦待原始证据核实，动机与个人字段不据此定值。,,,[],未知,单一媒体,False,False,媒体调查／研究推断,C021,2025-04-28,day,网传天津医院医护人员遇袭案,天津,天津,医疗机构,持械,pending,可访问单一媒体报道援引所谓警方通报但未给原件，缺少第二独立可靠采集源及受害关系核实。,"[""CS030""]","{""date"": [""CS030""], ""location"": [""CS030""], ""casualties"": [""CS030""], ""classification"": [""CS030""], ""motive"": [], ""outcome"": []}",,,,,,,,,,,,,[],,,2025,2025-04,2025-Q2,待核实,False,True,False,0,0,,,,
番禺区,城市,0,1,,,,2025-05-15,,,,35,男,,,,,,,李某某当场被控制。,,,2025-05-15,,,,[],未知,官方转载,True,False,媒体调查／研究推断,C026,2025-05-15,day,广州南站安检区外持刀伤人案,广东,广州,公共交通,持械,pending,有官方案情与伤亡，但无被害关系或随机性证据。,"[""CS036""]","{""date"": [""CS036""], ""location"": [""CS036""], ""casualties"": [""CS036""], ""classification"": [""CS036""], ""motive"": [], ""outcome"": [""CS036""]}",,,,,,,,,,,,,[],,,2025,2025-05,2025-Q2,待核实,False,True,False,0,1,,,,
海淀区,城市,,4,,,,2025-05-15,,,,,,,,,,,,肇事司机被查获。,,,2025-05-15,,,,[],未知,官方转载,True,False,媒体调查／研究推断,C032,2025-05-15,day,北京海淀健安西路车辆刮碰行人事件,北京,北京,街道交通,驾车,pending,官方仅称刮碰行人事故且仍调查，未确认主动攻击；网传故意亦无独立证据。,"[""CS043""]","{""date"": [""CS043""], ""location"": [""CS043""], ""casualties"": [""CS043""], ""classification"": [""CS043""], ""motive"": [], ""outcome"": [""CS043""]}",,,,,,,,,,,,,[],,,2025,2025-05,2025-Q2,待核实,False,True,False,0,4,,,,
锦江区,城市,0,2,,,1,2025-05-30,,,前女友及上前劝阻的男同事。,26,男,,与前女友感情纠纷、到其工作单位发生口角。,,,,,当场控制；本人及两名受害者送医均无生命危险。,,,2025-05-30,人口特征复核：锦江警方明确男26岁；工作单位和同事指向受害者，不能套用为嫌疑人职业。,,,"[""感情纠纷""]",警方初步通报,官方转载,True,True,完整警方通报明确原目标为前女友，男同事因上前劝阻另被划伤。,C023,2025-05-30,day,成都中纱帽街感情纠纷扩大伤人案,四川,成都,商业场所,持械,expanded,原目标为前女友，另刺伤上前劝阻的男同事；属纠纷扩大至原感情纠纷之外人员。,"[""CS033""]","{""date"": [""CS033""], ""location"": [""CS033""], ""casualties"": [""CS033""], ""classification"": [""CS033""], ""motive"": [""CS033""], ""outcome"": [""CS033""], ""demographics"": [""CS033""]}",,,,,,,,,,,,,"[""婚姻／家庭／感情问题""]",,,2025,2025-05,2025-Q2,纠纷扩大,True,True,True,0,2,,2025-05-30,案发时警方披露年龄/性别；职业按逐项来源归因,
洪山区,城市,0,3,,,,2025-06-06,,,,23,男,武汉大学学生,警方称因学业不顺行凶。,,,,,当场控制并采取刑事强制措施。,,,2025-06-06,,,,"[""学业受挫""]",警方初步通报,官方转载,True,False,媒体调查／研究推断,C019,2025-06-04,day,武汉大学食堂持刀伤人案,湖北,武汉,校园及周边,持械,pending,警方确认因学业不顺在食堂行凶，但未公布受害者关系；社交平台袭击预告未获独立验证，暂不认定随机。,"[""CS028""]","{""date"": [""CS028""], ""location"": [""CS028""], ""casualties"": [""CS028""], ""classification"": [""CS028""], ""motive"": [""CS028""], ""outcome"": [""CS028""]}",,,,,,,,,,,,,"[""学业问题""]",,,2025,2025-06,2025-Q2,待核实,False,True,True,0,3,,,,
巴南区,城市,1,4,,,,2025-06-15,,,双方鸣笛争执后围车阻拦者。,38,男,,前车卸货挡道持续鸣笛，与围车群众争执后强行驶离。,,,,,熊某被刑事拘留。,,,2025-06-15,,,,"[""现场纠纷""]",警方初步通报,官方转载,True,False,媒体调查／研究推断,C025,2025-06-14,day,重庆李家沱争执后驾车伤人案,重庆,重庆,街道交通,驾车,excluded,官方通报将伤者限定为当场围车争执、阻拦驾驶人离开的群众，未确认攻击其他不特定或无关人；按现场特定纠纷排除。,"[""CS035""]","{""date"": [""CS035""], ""location"": [""CS035""], ""casualties"": [""CS035""], ""classification"": [""CS035""], ""motive"": [""CS035""], ""outcome"": [""CS035""]}",,,,,,,,,,,,,"[""其他已披露背景""]",,,2025,2025-06,2025-Q2,排除,False,True,True,1,4,,,,
密云区,城市,,,,,,2025-06-26,,,,35,男,,,,,,,事故调查处理中。,,,2025-06-26,,,,[],未知,官方转载,True,False,媒体调查／研究推断,C031,2025-06-26,day,北京密云育才路车辆碰撞行人事故,北京,北京,校园及周边,驾车,excluded,警方初查明确操作不当，未获反证确认故意冲撞；网络汇编所称夫妻争吵不采信。,"[""CS042""]","{""date"": [""CS042""], ""location"": [""CS042""], ""casualties"": [""CS042""], ""classification"": [""CS042""], ""motive"": [], ""outcome"": [""CS042""]}",,,,,有人受伤，人数未公布,,,,,,,,[],,,2025,2025-06,2025-Q2,排除,False,True,False,0,0,,,,
西山区,城市,2,9,0,,,2025-07-21,,,,49,男,,,,,,,李某某被抓获，排除酒驾毒驾，事故调查中。,,,2025-07-21,,,,[],未知,官方转载,True,False,媒体调查／研究推断,C047,2025-07-20,day,昆明金碧路交通肇事逃逸案,云南,昆明,街道交通,驾车,excluded,官方初查为交通肇事逃逸，未确认故意攻击随机人群；传播时常误将通报日7月21日作案发日。,"[""CS058""]","{""date"": [""CS058""], ""location"": [""CS058""], ""casualties"": [""CS058""], ""classification"": [""CS058""], ""motive"": [], ""outcome"": [""CS058""]}",,,,,,,,,,,,,[],,,2025,2025-07,2025-Q3,排除,False,True,False,2,9,,,,
耒阳市,城市,2,3,,,,2025-08-03,,,,31,男,,,,,,,段某超被抓获。,,,2025-08-03,学校附近不等于针对在校儿童；不采用网传受害者身份。,,,[],未知,官方转载,True,False,媒体调查／研究推断,C020,2025-08-03,day,耒阳蔡子池街道持刀伤人案,湖南,衡阳,街道交通,持械,pending,故意伤害及伤亡有官方通报；目击者称在路口与麻将馆连续伤人，但被害关系未明确，尚不能确认随机。,"[""CS029""]","{""date"": [""CS029""], ""location"": [""CS029""], ""casualties"": [""CS029""], ""classification"": [""CS029""], ""motive"": [], ""outcome"": [""CS029""]}",,,,,,,,,,,,,[],,,2025,2025-08,2025-Q3,待核实,False,True,False,2,3,,,,
泉港区,,,,,,,,7至8人等网传人数未核，不取值。,,,,,,,,,,,,,,2025-10-07,,,,[],未知,网传待核,False,False,媒体调查／研究推断,C035,2025-10-06,day,网传泉港永嘉天地持刀伤人事件,福建,泉州,商业场所,持械,pending,仅找到网传影像汇编，未取得可靠现场独立报道或官方通报。,"[""CS046""]","{""date"": [""CS046""], ""location"": [""CS046""], ""casualties"": [""CS046""], ""classification"": [""CS046""], ""motive"": [], ""outcome"": []}",,,,,,,,,,,,,[],,,2025,2025-10,2025-Q4,待核实,False,False,False,0,0,,,,
茅箭区,城市,1,,,,,2025-10-24,通报的伤情较重并非法医重伤鉴定；伤者总数未公开。,True,,48,男,,,,,,,陈某被刑事拘留。,,,2025-10-25,人口特征复核：平安茅箭完整通报明确男48岁；车辆驾驶员是案中角色，职业未披露。,,4,[],未知,官方转载,True,False,警方认定以危险方法危害公共安全；不特定公众目标依据财新对行车记录仪及现场影像的核查。罪名本身不等于随机性。,C022,2025-10-22,day,十堰重庆路小学附近车辆冲撞人群案,湖北,十堰,校园及周边,驾车,core,警方认定危险方法危害公共安全，财新现场视频核查描述车辆径直冲向等红灯的人群，可支持不特定公众目标，非仅凭伤亡人数。,"[""CS031"", ""CS032""]","{""date"": [""CS031"", ""CS032""], ""location"": [""CS031"", ""CS032""], ""casualties"": [""CS031"", ""CS032""], ""classification"": [""CS031"", ""CS032""], ""motive"": [], ""outcome"": [""CS031"", ""CS032""], ""demographics"": [""CS032""]}",,,,,4人伤情较重、另有多人轻微受伤,,,,,,,,[],,,2025,2025-10,2025-Q4,核心,False,False,False,1,4,警方确认危害公共安全案件及伤亡；直冲等候人群的主动性依据来自财新现场视频核查。,2025-10-22,案发时警方披露年龄/性别；职业按逐项来源归因,
,,,,,,,2026-03-30,官方事迹确认一名教师受伤；不是完整伤亡统计。,,定向报复教师,,,,,,,,家长和其他教师合力制止。,嫌疑人被抓获。,,,2026-03-30,,,1,[],未知,官方原文,True,True,官方明确特定报复对象,LX26A17,2026-01-07,day,中山教培中心教师遭定向持刀报复案,广东,中山,校园及周边,持械,excluded,官方称行凶者将特定教师叫出教室报复；未见攻击其他学生或无关制止者。,"[""LXS26A22""]","{""date"": [""LXS26A22""], ""location"": [""LXS26A22""], ""casualties"": [""LXS26A22""], ""classification"": [""LXS26A22""], ""motive"": [], ""outcome"": [""LXS26A22""], ""intervention"": [""LXS26A22""]}",,2026,,2026-X补查,,,,,,,,,[],,[],2026,2026-01,2026-Q1,排除,True,True,False,0,1,,,,
红谷滩区,,,1,,,,2026-01-11,警方仅确认女子表皮伤；不推定保安受伤。,,初始受伤者为店员；安保参与制止，遭进一步攻击的说法待核,32,男,,,,,,学生、群众与保安制止。,嫌疑人当场控制。,,,2026-03-30,,,,[],未知,官方原文,True,False,官方确认店员受伤及群众制止；扩大事实仅来自澎湃综合网络素材标题对保安遭推搡的记载，未核得独立现场采访或完整视频。,LX26A15,2026-01-10,day,南昌万象城女子遭刀划伤及制止过程,江西,南昌,商业场所,持械,pending,警方确认一名女子受伤，官方事迹确认店员遇袭及群众制止。媒体标题称安保遭推搡险坠扶梯，但正文没有独立调查该过程，初始双方关系也未明；事件发生已核实，公众目标或扩大攻击仍待核。,"[""LXS26A22"", ""LXS26A23"", ""LXS26A24""]","{""date"": [""LXS26A23""], ""location"": [""LXS26A23""], ""casualties"": [""LXS26A23""], ""classification"": [""LXS26A22"", ""LXS26A24""], ""motive"": [], ""outcome"": [""LXS26A23""], ""demographics"": [""LXS26A23""]}",,2026,,2026-X补查,,,,,,,,,[],警方确认一名女子受伤，官方事迹确认店员遇袭及群众制止。媒体标题称安保遭推搡险坠扶梯，但正文没有独立调查该过程，初始双方关系也未明；事件发生已核实，公众目标或扩大攻击仍待核。,[],2026,2026-01,2026-Q1,待核实,False,True,False,0,1,,,,
沈河区,,,,,,,2026-03-30,,,女孩及上前救助的路人,,,,,,,,群众持续制止并协助警察抓获。,嫌疑人被抓获。,,,2026-03-30,,,2,[],未知,官方原文,True,True,官方材料直接记载行凶者转而挥刀砍伤无关救助者，支持扩大分类。,LX26A16,2026-01-11,day,沈阳南顺城路女孩与救助者遭持刀袭击,辽宁,沈阳,街道交通,持械,expanded,官方明确先伤女孩，再向上前制止的路人挥刀致伤；原被害关系未知，无关救助者受袭已确认。,"[""LXS26A22""]","{""date"": [""LXS26A22""], ""location"": [""LXS26A22""], ""casualties"": [""LXS26A22""], ""classification"": [""LXS26A22""], ""motive"": [], ""outcome"": [""LXS26A22""], ""intervention"": [""LXS26A22""]}",,2026,,2026-X补查,,,,,,,,,[],,[],2026,2026-01,2026-Q1,纠纷扩大,True,True,False,0,2,,,,
五华区,,,,,,,2026-07-09,事迹确认至少1名伤者，未披露全案伤亡总数。,,路过人员,,男,,,,,,路人报警、劝阻并夺刀，警方抓获。,嫌疑人被抓获。,,,2026-07-09,,,1,[],未知,官方原文,True,True,官方明确无故伤害路人,LX26A12,2026-01-15,day,昆明五华区路人遭持刀袭击并索财案,云南,昆明,社区住宅,持械,core,官方明确无故持刀伤害路人，倒地后继续勒颈索财，支持针对无关公众的主动袭击。,"[""LXS26A18""]","{""date"": [""LXS26A18""], ""location"": [""LXS26A18""], ""casualties"": [""LXS26A18""], ""classification"": [""LXS26A18""], ""motive"": [], ""outcome"": [""LXS26A18""], ""intervention"": [""LXS26A18""], ""demographics"": [""LXS26A18""]}",,2026,,2026-X补查,,,,,,,,,[],,[],2026,2026-01,2026-Q1,核心,True,True,False,0,1,,,,
港口镇,,,2,,,,2026-01-19,,,,27,男,,,警方仅描述语言混乱、行为异常；不作精神病诊断,,,,司机被当场控制。,,,2026-01-19,,,,[],未知,官方转载,True,False,发生已确认，故意性待核,LX26A01,2026-01-19,day,中山港口镇货车连续碰撞事件,广东,中山,街道交通,驾车,pending,警方确认碰撞及2伤；重复碾压的社媒描述支持故意性疑点，但未取得可核验行车过程或独立事故调查。,"[""LXS26A02"", ""LXS26A03"", ""LXS26A01""]","{""date"": [""LXS26A03""], ""location"": [""LXS26A03""], ""casualties"": [""LXS26A03""], ""classification"": [""LXS26A02"", ""LXS26A03""], ""motive"": [], ""outcome"": [""LXS26A03""], ""demographics"": [""LXS26A03""]}",,2026,,2026-X补查,,,,,,,,,[],警方确认碰撞及2伤；重复碾压的社媒描述支持故意性疑点，但未取得可核验行车过程或独立事故调查。,"[""https://x.com/whyyoutouzhele/status/2013240567606464850"", ""https://x.com/whyyoutouzhele/status/2039625155404509246""]",2026,2026-01,2026-Q1,待核实,False,True,False,0,2,,,,
白云区,乡镇,,,,,,,网传夫妻受伤未获可靠完整确认，精确人数留空。,,,,,,,,,,,,,,2026-01-27,癌症及身体状况、动机不录为事实。,,,[],未知,网传待核,False,False,网传线索，未独立核实,LX26A02,2026-01-26,day,网传广州太和镇街头夫妻遭持刀袭击,广东,广州,街道交通,持械,pending,原帖及媒体转述均指向突然袭击过路夫妻，但来源同为未核监控及匿名投稿；缺独立现场核实。,"[""LXS26A04"", ""LXS26A05"", ""LXS26A01""]","{""date"": [""LXS26A04"", ""LXS26A05""], ""location"": [""LXS26A04"", ""LXS26A05""], ""casualties"": [], ""classification"": [""LXS26A04"", ""LXS26A05""], ""motive"": [], ""outcome"": []}",,2026,按同期原帖1月26日；4月汇总误写1月27日。,2026-X补查,,,,,,,,,[],原帖及媒体转述均指向突然袭击过路夫妻，但来源同为未核监控及匿名投稿；缺独立现场核实。,"[""https://x.com/whyyoutouzhele/status/2016096346025939186"", ""https://x.com/whyyoutouzhele/status/2039625155404509246""]",2026,2026-01,2026-Q1,待核实,False,True,False,0,0,,,,
沙坪坝区,,0,2,,,,2026-03-30,,,陌生路过女子及救助代驾员,,男,,,,,,路人报警护送，随后抵挡袭击。,当日7时许嫌疑人被抓获。,,,2026-07-05,,,,[],未知,官方原文,True,True,官方明确陌生关系及持续追踪攻击,LX26A18,2026-01-27,day,重庆凤鸣山陌生女子及救助者遇袭案,重庆,重庆,街道交通,持械,core,文明办原文明确女孩遭陌生男子尾随勒颈；其脱身求救后男子继续追踪并持刀伤女孩和无关救助者。,"[""LXS26A22"", ""LXS26A27""]","{""date"": [""LXS26A22"", ""LXS26A27""], ""location"": [""LXS26A22"", ""LXS26A27""], ""casualties"": [""LXS26A22""], ""classification"": [""LXS26A27""], ""motive"": [], ""outcome"": [""LXS26A22""], ""intervention"": [""LXS26A22"", ""LXS26A27""], ""demographics"": [""LXS26A27""]}",,2026,,2026-X补查,,,,,,,,,[],,[],2026,2026-01,2026-Q1,核心,True,True,False,0,2,,,,
兴庆区,城市,1,,,,,2026-02-01,,,同小区居民，双方先有口角并约见,44,男,,小区社交群琐事争执后约见，矛盾激化。,,,,,嫌疑人刑事拘留。,,,2026-02-01,税费动机初帖与警方说法不一致，不采信。,,,"[""邻里纠纷""]",警方初步通报,官方转载,True,True,警方具体关系及作案经过,LX26A03,2026-01-31,day,银川朝阳巷约见争执持刀杀人案,宁夏,银川,街道交通,持械,excluded,警方明确两名同小区居民因群内争执约见后冲突，未披露扩大伤害无关者。,"[""LXS26A06"", ""LXS26A07"", ""LXS26A01""]","{""date"": [""LXS26A07""], ""location"": [""LXS26A07""], ""casualties"": [""LXS26A07""], ""classification"": [""LXS26A07""], ""motive"": [""LXS26A07""], ""outcome"": [""LXS26A07""], ""demographics"": [""LXS26A07""]}",,2026,,2026-X补查,,,,,,,,,"[""其他已披露背景""]",,"[""https://x.com/whyyoutouzhele/status/2017756836741468453"", ""https://x.com/whyyoutouzhele/status/2039625155404509246""]",2026,2026-01,2026-Q1,排除,True,True,True,1,0,,,,
,,,,,,,,传1死或2死互异，不计入精确值。,,,,,,,,,,,,,,2026-02-04,不保存影像；私人关系说法未经核实。,,,[],未知,网传待核,False,False,网传线索，未独立核实,LX26A20,2026-02-02,day,网传江苏扬州街头喷火伤人事件,江苏,扬州,街道交通,纵火,pending,网络视频与转述称因私人关系定向袭击，地点、年月日和动机均待核；尚无充分证据认定事件全貌或无关者受袭。,"[""LXS26A25"", ""LXS26A26""]","{""date"": [""LXS26A25"", ""LXS26A26""], ""location"": [""LXS26A25"", ""LXS26A26""], ""casualties"": [], ""classification"": [""LXS26A25"", ""LXS26A26""], ""motive"": [], ""outcome"": []}",,2026,2月2日由网传知情者指称，亦为视频流传日，未得到独立案发日确认。,2026-X补查,,,,,,,,,[],网络视频与转述称因私人关系定向袭击，地点、年月日和动机均待核；尚无充分证据认定事件全貌或无关者受袭。,"[""https://x.com/whyyoutouzhele/status/2018814351998918831""]",2026,2026-02,2026-Q1,待核实,False,True,False,0,0,,,,
宝安区,,,,,,,,女子倒地不等于死亡；数量不录入精确字段。,,,,,,,,,,,,,,2026-02-03,,,,[],未知,网传待核,False,False,网传线索，未独立核实,LX26A04,2026-02-03,day,网传深圳万丰海岸城持刀伤人事件,广东,深圳,商业场所,持械,pending,仅单源投稿及同素材转发，缺警方事实确认，未说明双方关系和最初冲突。,"[""LXS26A08"", ""LXS26A01""]","{""date"": [""LXS26A08""], ""location"": [""LXS26A08""], ""casualties"": [], ""classification"": [""LXS26A08""], ""motive"": [], ""outcome"": []}",,2026,,2026-X补查,,,,,,,,,[],仅单源投稿及同素材转发，缺警方事实确认，未说明双方关系和最初冲突。,"[""https://x.com/whyyoutouzhele/status/2018738337733914646"", ""https://x.com/whyyoutouzhele/status/2039625155404509246""]",2026,2026-02,2026-Q1,待核实,False,True,False,0,0,,,,
七坊镇,,,,,,,2026-07-09,救助者手部伤已确认；工作人员是否受伤及总数未明。,,工作人员及路过劝阻者,,,,官方事迹称感情纠纷后饮酒行凶。,,,,路过群众夺刀制止。,,,,2026-07-09,,,1,"[""情感纠纷""]",官方事迹,官方原文,True,True,官方材料直接记载私人感情纠纷后持刀行凶，并主动伤害路过制止者，支持扩大分类。,LX26A13,2026-02-04,day,海南白沙七坊KTV持刀袭击及救助者受伤案,海南,白沙黎族自治县,商业场所,持械,expanded,官方确认因感情纠纷持刀追逼工作人员，转而挥刀对抗无关救助者并伤其手，扩大到原纠纷无关者。,"[""LXS26A18""]","{""date"": [""LXS26A18""], ""location"": [""LXS26A18""], ""casualties"": [""LXS26A18""], ""classification"": [""LXS26A18""], ""motive"": [""LXS26A18""], ""outcome"": [], ""intervention"": [""LXS26A18""]}",,2026,,2026-X补查,,,,,,中央政法委2026年第二季度见义勇为事迹公开材料；不是警方初报或法院认定。,,,"[""婚姻／家庭／感情问题""]",,[],2026,2026-02,2026-Q1,纠纷扩大,True,True,True,0,1,,,,
巧家县,,,,,,,2026-03-30,至少1名头部伤者，非完整伤亡统计。,,,,,,,,,,居民追赶，辅警与群众合力制服。,嫌疑人被控制。,,,2026-03-30,未披露动机，不推定精神病或报复社会。,,1,[],未知,官方原文,True,True,官方材料直接记载作案者在社区追砍群众并转向上前喝止者，支持公众目标分类。,LX26A19,2026-02-15,day,云南巧家邱家屿社区持刀追砍群众事件,云南,昭通,社区住宅,持械,core,官方记录作案者先持斧破坏车辆，再出车库持刀追砍社区群众并转向制止者，支持面向在场公众持续攻击，非仅凭受伤人数归类。,"[""LXS26A22""]","{""date"": [""LXS26A22""], ""location"": [""LXS26A22""], ""casualties"": [""LXS26A22""], ""classification"": [""LXS26A22""], ""motive"": [], ""outcome"": [""LXS26A22""], ""intervention"": [""LXS26A22""]}",,2026,,2026-X补查,,,,,,,,,[],,[],2026,2026-02,2026-Q1,核心,True,True,False,0,1,,,,
汉阳区,,,,,,,,单一报道2伤，暂不写入精确数字。,,,,,,,,,,,,,,2026-03-14,不能把锦观、齐鲁、百姓关注及境外转述自动认作独立采集；需回溯原视频采访。,,,[],未知,单一媒体,False,False,网传线索，未独立核实,LX26A21,2026-03-11,day,武汉汉阳火锅店与广场舞冲突伤人线索,湖北,武汉,商业场所,持械,pending,记者采访商户及社区称争执伤及舞者和无关劝架人，具expanded特征；尚缺正式通报或第二独立采集确认发生全貌。,"[""LXS26A28""]","{""date"": [""LXS26A28""], ""location"": [""LXS26A28""], ""casualties"": [], ""classification"": [""LXS26A28""], ""motive"": [], ""outcome"": []}",,2026,,2026-X补查,,,,,,,,,[],记者采访商户及社区称争执伤及舞者和无关劝架人，具expanded特征；尚缺正式通报或第二独立采集确认发生全貌。,[],2026,2026-03,2026-Q1,待核实,False,True,False,0,0,,,,
北碚区,,,,,,,,学校否认持刀伤人，家长称手部手术，不据争议报道填确定死伤。,True,,,,,,,,,,,,,2026-05-09,排除是依据现有对象范围；不代表已裁断家长或校方真假。,,,[],未知,单一媒体,False,False,网传线索，未独立核实,LX26A22,2026-03-19,day,重庆朝阳中学同学冲突及持刀说法争议,重庆,重庆,校园及周边,持械,excluded,家长与校方对持刀、伤情存在矛盾，但各版本均为同班同学日常矛盾，未见主动袭击无关者；制止学生被称未受伤。,"[""LXS26A29""]","{""date"": [""LXS26A29""], ""location"": [""LXS26A29""], ""casualties"": [], ""classification"": [""LXS26A29""], ""motive"": [], ""outcome"": [], ""demographics"": [""LXS26A29""]}",,2026,,2026-X补查,,,,,,,,,[],,[],2026,2026-03,2026-Q1,排除,False,True,False,0,0,,,,
横琴粤澳深度合作区,,1,,,,,2026-03-22,,,,26,男,,警方认定实施抢劫。,,,,,3月21日抓获嫌疑人。,,,2026-03-22,,,,"[""抢劫""]",警方初步通报,官方转载,True,False,发生已确认，受害关系待核,LX26A07,2026-03-20,day,横琴小区抢劫致死案,广东,珠海,社区住宅,其他,pending,警方证实入小区抢劫两人、1死；抢劫不自动排除，但未披露选择对象过程、先前关系及攻击方式，暂不能确认为随机侵害。,"[""LXS26A12"", ""LXS26A13"", ""LXS26A01""]","{""date"": [""LXS26A13""], ""location"": [""LXS26A13""], ""casualties"": [""LXS26A13""], ""classification"": [""LXS26A12"", ""LXS26A13""], ""motive"": [""LXS26A13""], ""outcome"": [""LXS26A13""], ""demographics"": [""LXS26A13""]}",,2026,按警方3月20日晚；社媒初报3月22日及后续3月21日均非案发日。,2026-X补查,,,,,,,,,"[""其他已披露背景""]",警方证实入小区抢劫两人、1死；抢劫不自动排除，但未披露选择对象过程、先前关系及攻击方式，暂不能确认为随机侵害。,"[""https://x.com/whyyoutouzhele/status/2035510951944819083"", ""https://x.com/whyyoutouzhele/status/2039625155404509246""]",2026,2026-03,2026-Q1,待核实,False,True,True,1,0,,,,
两江新区,,0,3,,,,2026-03-23,通报1死3伤中的死者为司机，另3人为受伤行人；死亡司机单列driver_deaths，不计受害者或作案者死亡。,,,33,男,,,,,,,,,,2026-03-23,警方表述为疑似，保留后续改变结论可能；不采用自媒体额外宣称已排除故意性的扩写。,,,[],未知,官方转载,True,True,警方初查疑似病发失控,LX26A08,2026-03-22,day,重庆观音桥司机疑发病车辆失控事故,重庆,重庆,街道交通,驾车,excluded,完整警方通报初查司机疑似突发疾病后车辆失控；现场报道未提供反复选择目标等足以证明主动袭击的证据。,"[""LXS26A14"", ""LXS26A15"", ""LXS26A01""]","{""date"": [""LXS26A15""], ""location"": [""LXS26A15""], ""casualties"": [""LXS26A15""], ""classification"": [""LXS26A15""], ""motive"": [], ""outcome"": [], ""demographics"": [""LXS26A15""]}",,2026,,2026-X补查,,,,,,,,,[],,"[""https://x.com/whyyoutouzhele/status/2035710493772382393"", ""https://x.com/whyyoutouzhele/status/2039625155404509246""]",2026,2026-03,2026-Q1,排除,True,True,False,0,3,,,,1
杨浦区,,,,,,,2026-07-09,官方事迹确认妻子被刀伤；不是完整伤亡统计。,,夫妻,,,,家庭纠纷。,,,,配送员骑车撞开施害者，与群众合力控制。,,,,2026-07-09,,,1,"[""家庭纠纷""]",官方事迹,官方原文,True,True,官方明确定向家庭纠纷,LX26A14,2026-03-24,day,上海平凉路男子持刀伤妻案,上海,上海,街道交通,持械,excluded,官方明确家庭纠纷后持刀伤妻；他人制止成功，未披露对无关者继续攻击。,"[""LXS26A18""]","{""date"": [""LXS26A18""], ""location"": [""LXS26A18""], ""casualties"": [""LXS26A18""], ""classification"": [""LXS26A18""], ""motive"": [""LXS26A18""], ""outcome"": [], ""intervention"": [""LXS26A18""]}",,2026,,2026-X补查,,,,,,中央政法委2026年第二季度见义勇为事迹公开材料；不是警方初报或法院认定。,,,"[""婚姻／家庭／感情问题""]",,[],2026,2026-03,2026-Q1,排除,True,True,True,0,1,,,,
龙岗区,,,,,,,,网传两死或两伤等不同说法不录精确值。,,,,,,,,,,,,,,2026-03-27,与罗湖清晨案时间、区域及被述作案者均不同，暂分候选；若后续证明同一连续过程应合并。,,,[],未知,网传待核,False,False,网传线索，未独立核实,LX26A09,2026-03-26,day,网传深圳龙城街道爱联市场持刀伤人事件,广东,深圳,商业场所,持械,pending,晚间龙岗线索尚无独立采集或正式通报；网传冲突起因、快递员身份和学生死亡人数互相矛盾。,"[""LXS26A16"", ""LXS26A31"", ""LXS26A01""]","{""date"": [""LXS26A16"", ""LXS26A31""], ""location"": [""LXS26A16"", ""LXS26A31""], ""casualties"": [], ""classification"": [""LXS26A16"", ""LXS26A31""], ""motive"": [], ""outcome"": []}",,2026,,2026-X补查,,,,,,,,,[],晚间龙岗线索尚无独立采集或正式通报；网传冲突起因、快递员身份和学生死亡人数互相矛盾。,"[""https://x.com/whyyoutouzhele/status/2037212487309742093"", ""https://x.com/whyyoutouzhele/status/2039625155404509246""]",2026,2026-03,2026-Q1,待核实,False,True,False,0,0,,,,
罗湖区,城市,,,,,,2026-07-09,只确认救助者1人死亡，不据网传填入学生伤亡；全案最终伤亡总数未见披露。,,女学生及上前制止的路过保洁员,,,,,,,,保洁员徒手夺刀并追赶，受致命伤；警方后抓获嫌疑人。,嫌疑人被抓获。,,,2026-07-09,官方未披露施害者性别年龄；社媒女性或男子版本不采信。,1,,[],未知,官方原文,True,True,官方材料直接记载持刀者转而刺伤无关救助者并致其死亡，支持扩大分类；初始被害人与作案者关系未知。,LX26A10,2026-03-26,day,深圳罗湖东门女学生及救助者遭持刀袭击,广东,深圳,街道交通,持械,expanded,官方确认先对女学生行凶，随后刺伤原袭击无关的路过救助者并致其死亡；按扩大至无关救助者记录，最初学生是否随机目标仍未知。,"[""LXS26A17"", ""LXS26A18"", ""LXS26A01""]","{""date"": [""LXS26A18""], ""location"": [""LXS26A18""], ""casualties"": [""LXS26A18""], ""classification"": [""LXS26A18""], ""motive"": [], ""outcome"": [""LXS26A18""], ""intervention"": [""LXS26A18""]}",,2026,官方明确3月26日6时许。,2026-X补查,,,,,,,,,[],,"[""https://x.com/whyyoutouzhele/status/2037239673907535998"", ""https://x.com/whyyoutouzhele/status/2039625155404509246""]",2026,2026-03,2026-Q1,纠纷扩大,True,True,False,1,0,,,,
锡林浩特市,,,,,,,,官方事迹未披露伤亡；没有伤亡通报不等于零伤亡。,,乘客与公交司机，既往关系未披露。,,,,,官方事迹称癫痫发作，未取得医学资料；癫痫不是精神疾病，不据此推定诊断或刑责能力。,,,其他乘客控制涉事乘客，车辆靠边后等待民警到场。,,,,2026-07-09,仅保留表彰材料对该个案的归因，不采纳其疾病人群力量或攻击性的泛化描述；约16时。,,,[],未知,官方原文,True,False,发生由官方确认；主动性与对象关系证据仍缺。,LX26A23,2026-03-26,day,锡林浩特8路公交乘客攻击司机事件,内蒙古,锡林郭勒盟,公共交通,其他,pending,官方表彰事迹确认乘客冲向驾驶区攻击司机，但将行为归因于疾病发作，未披露医学诊断、行为意识或袭击动机。发生已核实，是否符合有意识主动袭击及无关公众目标口径仍待核。,"[""LXS26A18""]","{""date"": [""LXS26A18""], ""location"": [""LXS26A18""], ""casualties"": [], ""classification"": [""LXS26A18""], ""motive"": [], ""outcome"": [], ""intervention"": [""LXS26A18""], ""mental_health"": [""LXS26A18""]}",,2026,,2026-X补查,,,,,,,,,[],缺医学或调查资料确认行为意识、发作情况、对象关系及伤亡。,[],2026,2026-03,2026-Q1,待核实,False,True,False,0,0,,,,
房山区,乡镇,,,,,,,网络死亡人数多版本冲突，全部不计入精确字段。,,,,,,,,,,,,,,2026-03-31,已补3月29日李老师原帖及镜像；“举报未果”与具体死伤均为未核聊天或现场口述。,,,[],未知,网传待核,False,False,媒体调查／研究推断,C034,2026-03-29,day,网传北京房山大韩继集市铲车冲撞事件,北京,北京,商业场所,驾车,pending,报道主要来自网络影像，无官方确认或独立可靠实地核实；发生细节、意图及伤亡均待核。,"[""CS045"", ""LXS26A01"", ""LXS26A20""]","{""date"": [""CS045""], ""location"": [""CS045""], ""casualties"": [""CS045""], ""classification"": [""CS045"", ""LXS26A20""], ""motive"": [], ""outcome"": []}",,,,2026-X补查,,,,,,,,,[],报道主要来自网络影像，无官方确认或独立可靠实地核实；发生细节、意图及伤亡均待核。,"[""https://x.com/whyyoutouzhele/status/2039625155404509246"", ""https://x.com/whyyoutouzhele/status/2038169287744229772""]",2026,2026-03,2026-Q1,待核实,False,True,False,0,0,,,,
江岸区,城市,0,4,,,,2026-03-31,,,,44,男,,,,,,民警与群众合力制服；封面新闻现场走访称其水果刀脱手后曾去另一家店拿裁纸刀。,吴某某当场被控制。,,,2026-03-31,李老师帖子把44岁误写41岁，以警方为准；新唐人与社媒影像同源，不增加独立采集数量。,,,[],未知,官方转载,True,False,媒体调查／研究推断,C027,2026-03-31,day,武汉青松路持刀伤人案,湖北,武汉,街道交通,持械,pending,警方确认4伤；新增网传连续影像的媒体文字描述显示先后攻击摊贩、路中男子、路过女子，支持公众目标，但未独立核验原视频连续性及拍摄时地。现场记者未目击起因，暂保留待核并明确证据缺口。,"[""CS037"", ""RCS004"", ""LXS26A01"", ""LXS26A21"", ""LXS26A30""]","{""date"": [""CS037""], ""location"": [""CS037""], ""casualties"": [""CS037""], ""classification"": [""CS037"", ""LXS26A21"", ""LXS26A30""], ""motive"": [], ""outcome"": [""CS037""], ""intervention"": [""CS037"", ""RCS004""]}",,,,2026-X补查,,,,,,,,,[],警方确认4伤；新增网传连续影像的媒体文字描述显示先后攻击摊贩、路中男子、路过女子，支持公众目标，但未独立核验原视频连续性及拍摄时地。现场记者未目击起因，暂保留待核并明确证据缺口。,"[""https://x.com/whyyoutouzhele/status/2039625155404509246"", ""https://x.com/whyyoutouzhele/status/2039111132950962182""]",2026,2026-03,2026-Q1,待核实,False,True,False,0,4,,,,
拱墅区,,,,,,,,女伤者及施害者跳楼的说法未核；年龄和精神疾病传闻不填确认字段。,,,,,,,,,,,,,,2026-03-31,,,,[],未知,网传待核,False,False,网传线索，未独立核实,LX26A11,2026-03-31,day,网传杭州世嘉铭座入室持刀伤人事件,浙江,杭州,社区住宅,持械,pending,单源投稿描绘敲陌生住户门后行凶，但尚未取得发生细节、关系及现场来源的独立核验。,"[""LXS26A19"", ""LXS26A01""]","{""date"": [""LXS26A19""], ""location"": [""LXS26A19""], ""casualties"": [], ""classification"": [""LXS26A19""], ""motive"": [], ""outcome"": []}",,2026,,2026-X补查,,,,,,,,,[],单源投稿描绘敲陌生住户门后行凶，但尚未取得发生细节、关系及现场来源的独立核验。,"[""https://x.com/whyyoutouzhele/status/2038959494865313931"", ""https://x.com/whyyoutouzhele/status/2039625155404509246""]",2026,2026-03,2026-Q1,待核实,False,True,False,0,0,,,,
博罗县,,,,,,,,,,,,,,,,,,,,,,2026-04-23,来源称帝都酒店门前；只保留月份。关于出狱身份和人数的传闻不写入事实字段。,,,[],未知,单一媒体,False,False,媒体调查／研究推断,LX26B05,2026-04,month,网传惠州博罗酒店门前持刀伤人线索,广东,惠州,商业场所,持械,pending,同一受访者在4月22日谈及前几天酒店门前另有持刀事件；缺独立发生证据、确切日期、受害关系及作案过程。,"[""LXS26B05""]","{""date"": [""LXS26B05""], ""location"": [""LXS26B05""], ""casualties"": [], ""classification"": [""LXS26B05""], ""motive"": [], ""outcome"": []}",,2026,,2026-X补查,,,,,,,,,[],同一受访者在4月22日谈及前几天酒店门前另有持刀事件；缺独立发生证据、确切日期、受害关系及作案过程。,[],2026,2026-04,2026-Q2,待核实,False,False,False,0,0,,,,
南浔区,,,2,1,,,2026-07-09,官方材料记载老板被刺伤、施救员工重伤二级；未提供全案死亡人数，不据此填零。,,老板及参与救援的另一名员工,,男,公司员工,官方案例记述袭击者与老板存在既往纠纷；具体心理动机未披露。,,,,员工上前阻止并协助控制。,施救员工经抢救存活。,,,2026-07-09,扩展类反映实际波及无原纠纷的救援者，不等同所有遇袭者最初均为随机选择。,,,"[""工作纠纷""]",官方事迹,官方原文,True,True,官方公开案例描述,LX26B02,2026-04-02,day,湖州菱湖镇公司持刀纠纷扩大至救援员工案,浙江,湖州,其他,持械,expanded,官方案例记述员工因既往纠纷刺伤老板，另一员工制止时遭连续刺击；后者属于原纠纷之外的救援人员，符合定向纠纷扩及旁人。,"[""LXS26B01""]","{""date"": [""LXS26B01""], ""location"": [""LXS26B01""], ""casualties"": [""LXS26B01""], ""classification"": [""LXS26B01""], ""motive"": [""LXS26B01""], ""outcome"": [""LXS26B01""]}",,2026,,2026-X补查,,,,,,中央政法委见义勇为事迹；仅确认既往工作纠纷背景，非司法认定心理动机。,,,"[""经济／工作／财产纠纷""]",,[],2026,2026-04,2026-Q2,纠纷扩大,True,True,True,0,2,,,,
和平区,城市,,,,,,,传2或4死、6人被砍及嫌犯坠亡均未核，不录入精确伤亡。,,,,,,,,,,,,,,2026-04-06,李老师原status已保存，原站无正文；转载不另算独立来源。未用讨论中的死亡或嫌犯坠亡说法填充事实。,,,[],未知,网传待核,False,False,媒体调查／研究推断,C037,2026-04-04,day,网传沈阳太原街持刀伤人事件,辽宁,沈阳,街道交通,持械,pending,新增早报、无忧等仍主要依赖同一批网络影像及转述，未找到官方或两个独立现场采集来源。影像不能建立袭击者与伤者关系，网传随机行凶与伤亡规模均待核。,"[""CS048"", ""LXS26B20"", ""LXS26B21"", ""LXS26B22""]","{""date"": [""CS048"", ""LXS26B22""], ""location"": [""CS048"", ""LXS26B20"", ""LXS26B22""], ""casualties"": [""CS048""], ""classification"": [""CS048"", ""LXS26B20"", ""LXS26B22""], ""motive"": [], ""outcome"": []}",,,,2026-X补查,,,,,,,,,[],新增早报、无忧等仍主要依赖同一批网络影像及转述，未找到官方或两个独立现场采集来源。影像不能建立袭击者与伤者关系，网传随机行凶与伤亡规模均待核。,"[""https://x.com/whyyoutouzhele/status/2040449312027480228""]",2026,2026-04,2026-Q2,待核实,False,True,False,0,0,,,,
,,,,,,,,,,,,,,,,,,,,,,2026-05-02,未将传称未成年人、药物影响或伤亡写为事实；两个社群转述不等同两个独立来源。,,,[],未知,网传待核,False,False,媒体调查／研究推断,LX26B14,2026-04-07,day,网传儋州未成年人驾车连续碰撞线索,海南,儋州,街道交通,驾车,pending,Telegram及论坛为未经独立核实的转述，尚无原始公安材料或可靠媒体调查；驾车者年龄、连续碰撞过程和故意性均待核。,"[""LXS26B17"", ""LXS26B18""]","{""date"": [""LXS26B17"", ""LXS26B18""], ""location"": [""LXS26B17"", ""LXS26B18""], ""casualties"": [], ""classification"": [""LXS26B17"", ""LXS26B18""], ""motive"": [], ""outcome"": []}",,2026,,2026-X补查,,,,,,,,,[],Telegram及论坛为未经独立核实的转述，尚无原始公安材料或可靠媒体调查；驾车者年龄、连续碰撞过程和故意性均待核。,[],2026,2026-04,2026-Q2,待核实,False,True,False,0,0,,,,
,,,,,,,2026-07-09,官方事迹记述1名协助追捕的供电公司职工受伤，未公布全案总伤亡。,,原盗窃受害单位参与追捕的员工,,,,,,,,,公安抓获全部盗窃嫌疑人。,,,2026-07-09,职工所在单位为曲沃供电公司，官方材料未给碰撞点，城市和区县不据单位所在地强填；若进一步证实主动撞击原犯罪之外的阻止者，需复核扩展类别。,,1,[],未知,官方原文,True,False,媒体调查／研究推断,LX26B25,2026-04-07,day,山西供电公司职工追捕盗窃车辆受伤事件,山西,,街道交通,驾车,pending,官方确认盗窃嫌疑人逃车多次急刹变道、强行掉头，追击车随后碰撞；未明确嫌疑人是否主动以追捕者或其他人员为撞击目标，不能仅据追捕中受伤定为扩展袭击。,"[""LXS26B01""]","{""date"": [""LXS26B01""], ""location"": [""LXS26B01""], ""casualties"": [""LXS26B01""], ""classification"": [""LXS26B01""], ""motive"": [], ""outcome"": [""LXS26B01""]}",,2026,,2026-X补查,,,,1,,,,,[],官方确认盗窃嫌疑人逃车多次急刹变道、强行掉头，追击车随后碰撞；未明确嫌疑人是否主动以追捕者或其他人员为撞击目标，不能仅据追捕中受伤定为扩展袭击。,[],2026,2026-04,2026-Q2,待核实,False,True,False,0,1,,,,
嘉禾县,乡村,,,,,,2026-04-27,采访记述先遭袭的一家3人擦伤，随后救援者受伤，故可确认至少4名伤者；被扼女子伤情与完整总数未明，重伤医学描述不代替司法鉴定。,,村民、过路女子及施救村民,,男,,,,,,村民合力将袭击者制服，警方随后带离。,警方控制嫌疑人。,,,2026-07-09,未将家属转述的精神状态说法当作医学诊断或动机。,,4,[],未知,官方原文,True,True,官方公开案例描述,LX26B01,2026-04-11,day,嘉禾曾家村陌生男子连续袭击村民和过路女子案,湖南,郴州,街道交通,其他,core,中央政法委公开材料记载男子无端殴打多名村民并扼住过路女子；记者采访补充其见人追打和拦截车辆，目标包括与其无原纠纷关系的公众。,"[""LXS26B01"", ""LXS26B27""]","{""date"": [""LXS26B01"", ""LXS26B27""], ""location"": [""LXS26B01"", ""LXS26B27""], ""casualties"": [""LXS26B27""], ""classification"": [""LXS26B01"", ""LXS26B27""], ""motive"": [], ""outcome"": [""LXS26B01"", ""LXS26B27""]}",,2026,,2026-X补查,,,,,,,,,[],,[],2026,2026-04,2026-Q2,核心,True,True,False,0,4,,,,
,,,2,,,,2026-04-14,通报确认2人受伤、无生命危险；未另列死亡人数，不根据沉默填零。,,,36,男,,,,,,,司机被刑事拘留，案件侦办中。,,,2026-05-02,来源中的柯城区为嫌疑人籍贯，未直接用作事发行政区。毒驾为网友猜测，不纳入事实。,,,[],未知,官方转载,True,False,媒体调查／研究推断,LX26B12,2026-04-13,day,衢州百汇路SUV连续碰撞车辆事件,浙江,衢州,街道交通,驾车,pending,警方确认车辆碰撞并刑拘司机；媒体描述来回顶撞停放车辆，故意性仍需调查。尚无证据证明主动攻击无关人员，刑拘也不能单独证明无差别袭击。,"[""LXS26B15"", ""LXS26B18""]","{""date"": [""LXS26B15""], ""location"": [""LXS26B15""], ""casualties"": [""LXS26B15""], ""classification"": [""LXS26B15"", ""LXS26B18""], ""motive"": [], ""outcome"": [""LXS26B15""]}",,2026,,2026-X补查,,,,,,,,,[],警方确认车辆碰撞并刑拘司机；媒体描述来回顶撞停放车辆，故意性仍需调查。尚无证据证明主动攻击无关人员，刑拘也不能单独证明无差别袭击。,[],2026,2026-04,2026-Q2,待核实,False,True,False,0,2,,,,
奉化区,,0,0,,,,2026-04-13,当地政府通报无人员伤亡。,,,,,,,,,,,,,,2026-04-13,官方起火原因当时待查；排除理由为没有主动袭人证据，不声称已有最终事故原因鉴定。,,,[],未知,官方转载,True,False,媒体调查／研究推断,LX26B18,2026-04-13,day,宁波奉化工业园厂房火灾及纵火传闻核查,浙江,宁波,其他,其他,excluded,已核实材料仅确认厂房火灾；传称纵火的报道自己指出企业名称误传并引述焊接起火说法，未找到主动袭击人的证据，按非袭击火灾线索排除。,"[""LXS26B25"", ""LXS26B26""]","{""date"": [""LXS26B26""], ""location"": [""LXS26B26""], ""casualties"": [""LXS26B26""], ""classification"": [""LXS26B25"", ""LXS26B26""], ""motive"": [], ""outcome"": []}",,2026,,2026-X补查,,,,,,,,,[],,[],2026,2026-04,2026-Q2,排除,False,True,False,0,0,,,,
,,,,,,,,,,,,,,,,,,,,,,2026-05-02,发生本身及所谓纵火均待核；不录入评论所称伤亡数，不与其他地区工厂火灾混同。,,,[],未知,网传待核,False,False,媒体调查／研究推断,LX26B15,2026-04-17,day,网传临沂面粉厂纵火线索,山东,临沂,其他,纵火,pending,目前只有论坛评论列举日期和地点，未找到能定位工厂、确认起火原因与受害对象的原始来源。,"[""LXS26B18""]","{""date"": [""LXS26B18""], ""location"": [""LXS26B18""], ""casualties"": [], ""classification"": [""LXS26B18""], ""motive"": [], ""outcome"": []}",,2026,,2026-X补查,,,,,,,,,[],目前只有论坛评论列举日期和地点，未找到能定位工厂、确认起火原因与受害对象的原始来源。,[],2026,2026-04,2026-Q2,待核实,False,True,False,0,0,,,,
南安市,,2,1,,,,2026-04-19,,,,,,,,,,,,肇事者被控制，原因待查。,,,2026-05-02,酒驾仅为投稿视频中的怀疑。南方+正文报道清晨发生，与后续自媒体写下午不符，未采纳后者。,,,[],未知,官方转载,True,False,媒体调查／研究推断,LX26B13,2026-04-19,day,南安水头镇车辆逆行撞人事件,福建,泉州,街道交通,驾车,pending,南方+记者获有关部门确认逆行车祸及死伤，具体原因仍在调查；网帖所谓主动冲撞没有独立依据，须进一步区分事故与故意攻击。,"[""LXS26B16"", ""LXS26B18""]","{""date"": [""LXS26B16""], ""location"": [""LXS26B16""], ""casualties"": [""LXS26B16""], ""classification"": [""LXS26B16"", ""LXS26B18""], ""motive"": [], ""outcome"": [""LXS26B16""]}",,2026,,2026-X补查,,,,,,,,,[],南方+记者获有关部门确认逆行车祸及死伤，具体原因仍在调查；网帖所谓主动冲撞没有独立依据，须进一步区分事故与故意攻击。,[],2026,2026-04,2026-Q2,待核实,False,True,False,2,1,,,,
博罗县,,,,,,,,媒体转述死亡及多人重伤说法未经独立核实，数值留空。,,,,,,,,,,,,,,2026-04-23,保留当日广场事件，与同篇提及的较早酒店门前线索分列，避免合并伤亡。,,,[],未知,单一媒体,False,False,媒体调查／研究推断,LX26B04,2026-04-22,day,网传惠州博罗中园休闲广场持刀伤人事件,广东,惠州,公园广场,持械,pending,目前为一家媒体引述本地居民及网络影像，伤亡与受害关系没有独立采集的第二来源或官方材料；不能由多人遇袭传言推断随机性。,"[""LXS26B05""]","{""date"": [""LXS26B05""], ""location"": [""LXS26B05""], ""casualties"": [], ""classification"": [""LXS26B05""], ""motive"": [], ""outcome"": []}",,2026,,2026-X补查,,,,,,,,,[],目前为一家媒体引述本地居民及网络影像，伤亡与受害关系没有独立采集的第二来源或官方材料；不能由多人遇袭传言推断随机性。,[],2026,2026-04,2026-Q2,待核实,False,True,False,0,0,,,,
,,,,,,,,,,,,,,,,,,,,,,2026-04-29,搜索当地公开事故信息未查得对应刑案，不据此断言不存在；不采信转载的政治身份、私人关系与200余伤亡数。,,,[],未知,网传待核,False,False,媒体调查／研究推断,LX26B19,2026-04-29,day,网传泰安住宅楼遭爆炸袭击线索,山东,泰安,社区住宅,爆炸,pending,现有页面只转载匿名X投稿，连准确楼宇位置、爆炸是否发生都未得到核实；所谓特定干部目标及大规模伤亡亦无可核来源。,"[""LXS26B28""]","{""date"": [""LXS26B28""], ""location"": [""LXS26B28""], ""casualties"": [], ""classification"": [""LXS26B28""], ""motive"": [], ""outcome"": []}",,2026,,2026-X补查,,,,,,,,,[],现有页面只转载匿名X投稿，连准确楼宇位置、爆炸是否发生都未得到核实；所谓特定干部目标及大规模伤亡亦无可核来源。,"[""https://x.com/LUOXIANG_PMTQ/status/2049510723479335144""]",2026,2026-04,2026-Q2,待核实,False,True,False,0,0,,,,
天河区,城市,,,,,,,采访反映多名乘客咳嗽、流泪或呕吐；人数与诊断未公布，不将症状描述转成精确伤者数。,,车厢内周边乘客，未见与喷射者有关联,,男,,,,,,,地铁派出所受访人员称涉事者已被抓获，正在调查。,,,2026-05-02,核心分类依据公开行为及实际无关乘客目标，不以警方必须使用“随机”字样为条件。网络所谓偷拍争执起因未获证实；若后续确认特定纠纷触发，应复核为扩展。中央社为转述，未额外计作独立采访。,,,[],未知,多源媒体,True,False,媒体调查／研究推断,LX26B03,2026-04-30,day,广州地铁三号线男子向周围乘客喷辣椒水事件,广东,广州,公共交通,其他,core,媒体描述的现场影像显示向周边乘客持续喷洒，潇湘晨报、荔枝新闻及广东台亲历者采访相互补充，警方受访人员确认喷辣椒水且人已抓获；实际目标覆盖无关车厢乘客。,"[""LXS26B02"", ""LXS26B03"", ""LXS26B04""]","{""date"": [""LXS26B02"", ""LXS26B04""], ""location"": [""LXS26B02"", ""LXS26B04""], ""casualties"": [""LXS26B02"", ""LXS26B04""], ""classification"": [""LXS26B02"", ""LXS26B04""], ""motive"": [], ""outcome"": [""LXS26B02""]}",,2026,,2026-X补查,,,,,,,,,[],,[],2026,2026-04,2026-Q2,核心,False,True,False,0,0,,,,
高新区,城市,1,11,,,,2026-05-01,,,,31,男,,,,,,,李某某当场被抓获，初查涉嫌交通肇事逃逸。,,,2026-05-02,保留官方1死11伤数值。目击者对更多死亡、网约车押金纠纷的推测不予采纳；中央社使用李老师传播影像，与X镜像同源，不另算现场独立采集。,,,[],未知,官方转载,True,False,媒体调查／研究推断,C044,2026-05-01,day,成都剑南大道车辆连续碰撞事件,四川,成都,街道交通,驾车,pending,警方初查称转弯事故后逃逸；另有原始目击者采访与中央社影像分析描述加速撞击多个路段的公众、倒车后再撞及取刀。两类证据对故意性存在冲突，不能仅凭事故标签排除；在完整轨迹、调查结果及动机关系未厘清前列待核。,"[""CS055"", ""LXS26B23"", ""LXS26B24"", ""LXS26B31"", ""LXS26B32""]","{""date"": [""CS055""], ""location"": [""CS055""], ""casualties"": [""CS055""], ""classification"": [""CS055"", ""LXS26B24"", ""LXS26B31"", ""LXS26B32""], ""motive"": [], ""outcome"": [""CS055""]}",,,,2026-X补查,,,,,,,,,[],警方初查称转弯事故后逃逸；另有原始目击者采访与中央社影像分析描述加速撞击多个路段的公众、倒车后再撞及取刀。两类证据对故意性存在冲突，不能仅凭事故标签排除；在完整轨迹、调查结果及动机关系未厘清前列待核。,"[""https://x.com/whyyoutouzhele/status/2050186973680463941""]",2026,2026-05,2026-Q2,待核实,False,True,False,1,11,,,,
城中区,城市,3,1,,1,,2026-05-02,通报4死中1人为有重大嫌疑者；暂单列嫌疑人死亡，非最终法院认定。,,,,,,,,,,,,,,2026-05-05,维持警方4死中分列疑似作案者1死的原口径；未把受访者的猜测升级为动机。,,,[],未知,官方转载,True,False,媒体调查／研究推断,C038,2026-05-02,day,柳州高新南路小区刑事案件,广西,柳州,社区住宅,其他,pending,警方已确认刑案与死伤；新增记者访问居民仅有楼内发生及邻里纠纷的传闻，未核实具体被害关系和作案目标，无法判断定向案是否扩及无关者。,"[""CS049"", ""LXS26B14""]","{""date"": [""CS049""], ""location"": [""CS049""], ""casualties"": [""CS049""], ""classification"": [""CS049"", ""LXS26B14""], ""motive"": [], ""outcome"": []}",,,,2026-X补查,,,,,,,,,[],警方已确认刑案与死伤；新增记者访问居民仅有楼内发生及邻里纠纷的传闻，未核实具体被害关系和作案目标，无法判断定向案是否扩及无关者。,[],2026,2026-05,2026-Q2,待核实,False,True,False,3,1,,,,
平阳县,,,,,,,,,,,,,,,,,,,,,,2026-05-05,总死伤未有可靠核定，不把现场躺地人数作为死亡或伤者数。,,,[],未知,单一媒体,False,False,媒体调查／研究推断,LX26B11,2026-05-03,day,网传平阳昆阳菜市场路段车辆碰撞多人事件,浙江,温州,街道交通,驾车,pending,单一媒体记者访谈与网络视频可提供车辆碰撞线索；盗窃逃跑、失控事故及主动撞人说法未分清，缺官方结果及独立调查。,"[""LXS26B14""]","{""date"": [""LXS26B14""], ""location"": [""LXS26B14""], ""casualties"": [], ""classification"": [""LXS26B14""], ""motive"": [], ""outcome"": []}",,2026,,2026-X补查,,,,,,,,,[],单一媒体记者访谈与网络视频可提供车辆碰撞线索；盗窃逃跑、失控事故及主动撞人说法未分清，缺官方结果及独立调查。,[],2026,2026-05,2026-Q2,待核实,False,True,False,0,0,,,,
浦东新区,城市,0,3,,,,2026-05-20,,,,59,男,,,警方称有精神疾病治疗史；外交部后确认系精神障碍患者。,,,,嫌疑人被警方制服。,,,2026-05-20,Q2补查未取得可改变类别的新关系证据；维持待核，保留官方伤亡及发生事实。,,,[],未知,官方原文,True,False,媒体调查／研究推断,C029,2026-05-19,day,上海环球金融中心日本料理店持刀伤人案,上海,上海,商业场所,持械,pending,官方确认男子闯入餐厅持刀伤3人；尚缺其与伤者是否认识、是否因特定纠纷以及选择对象过程的材料。公开餐厅场景与精神障碍史不能单独证明随机性。,"[""CS039"", ""CS040""]","{""date"": [""CS039"", ""CS040""], ""location"": [""CS039"", ""CS040""], ""casualties"": [""CS039"", ""CS040""], ""classification"": [""CS039"", ""CS040""], ""motive"": [], ""outcome"": [""CS039"", ""CS040""]}",,,,2026-X补查,,,,,,,,,[],官方确认男子闯入餐厅持刀伤3人；尚缺其与伤者是否认识、是否因特定纠纷以及选择对象过程的材料。公开餐厅场景与精神障碍史不能单独证明随机性。,[],2026,2026-05,2026-Q2,待核实,False,True,False,0,3,,,,
,,,,,,,,,,,,,,,,,,,,,,2026-08-17,仅录月份，不能以8月17日发布日期代替案发日；待取得原始记录后复查是否与其他事故重复。,,,[],未知,网传待核,False,False,媒体调查／研究推断,LX26B16,2026-06,month,网传随州大润发路段车辆冲撞线索,湖北,随州,街道交通,驾车,pending,8月评论文章回顾6月事件时仅作简短提及，没有具体日期、采访或原始帖文；发生及主动性都未核实。,"[""LXS26B19""]","{""date"": [""LXS26B19""], ""location"": [""LXS26B19""], ""casualties"": [], ""classification"": [""LXS26B19""], ""motive"": [], ""outcome"": []}",,2026,,2026-X补查,,,,,,,,,[],8月评论文章回顾6月事件时仅作简短提及，没有具体日期、采访或原始帖文；发生及主动性都未核实。,[],2026,2026-06,2026-Q2,待核实,False,False,False,0,0,,,,
,,,,,,,,,,,,,,,,,,,,,,2026-08-17,月份依原文回顾语境保留；伤亡与动机均未知，获得地点后须优先查重。,,,[],未知,网传待核,False,False,媒体调查／研究推断,LX26B17,2026-06,month,网传漯河车辆连续碰撞线索,河南,漯河,街道交通,驾车,pending,仅一篇评论文章笼统回顾6月漯河连环撞击，缺地点、具体日期及可验证的原始记录；不足以认定主动袭击。,"[""LXS26B19""]","{""date"": [""LXS26B19""], ""location"": [""LXS26B19""], ""casualties"": [], ""classification"": [""LXS26B19""], ""motive"": [], ""outcome"": []}",,2026,,2026-X补查,,,,,,,,,[],仅一篇评论文章笼统回顾6月漯河连环撞击，缺地点、具体日期及可验证的原始记录；不足以认定主动袭击。,[],2026,2026-06,2026-Q2,待核实,False,False,False,0,0,,,,
巴南区,,1,,,,,2026-06-05,,,同事,,男,,警方初查为同事矛盾。,,,,,,,,2026-06-05,网络以高校教师及副校长身份传播；教育身份不等同针对学校公众的无差别袭击。,,,"[""工作纠纷""]",警方初步通报,官方转载,True,False,媒体调查／研究推断,LX26B08,2026-06-05,day,重庆巴南高校同事矛盾定向持刀杀人案,重庆,重庆,社区住宅,持械,excluded,警方通报经媒体完整转述，认定同事矛盾引发特定对象袭击；没有向其他无关人员扩展的证据。,"[""LXS26B09""]","{""date"": [""LXS26B09""], ""location"": [""LXS26B09""], ""casualties"": [""LXS26B09""], ""classification"": [""LXS26B09""], ""motive"": [""LXS26B09""], ""outcome"": []}",,2026,,2026-X补查,,,,,,,,,"[""经济／工作／财产纠纷""]",,[],2026,2026-06,2026-Q2,排除,False,True,True,1,0,,,,
兴安县,,7,,,,,2026-06-11,官方称7人死亡、17人送医；另有未计数轻伤人员，故17仅作为伤者下限，不写成完整受伤总数。,,,,,,,,,,,,,,2026-06-11,,,17,[],未知,官方转载,True,False,媒体调查／研究推断,LX26B09,2026-06-11,day,兴安灵湘路爆炸事件,广西,桂林,街道交通,爆炸,pending,官方确认爆炸和死伤，但未公布爆炸成因、是否人为及目标选择；商铺纠纷或报复社会等互相冲突的网传动机均未核实。,"[""LXS26B10"", ""LXS26B11""]","{""date"": [""LXS26B10""], ""location"": [""LXS26B10""], ""casualties"": [""LXS26B10""], ""classification"": [""LXS26B10"", ""LXS26B11""], ""motive"": [], ""outcome"": []}",,2026,,2026-X补查,,,,,,,,,[],官方确认爆炸和死伤，但未公布爆炸成因、是否人为及目标选择；商铺纠纷或报复社会等互相冲突的网传动机均未核实。,[],2026,2026-06,2026-Q2,待核实,False,True,False,7,17,,,,
如东县,,1,7,,,,2026-06-15,截至当日18时1死7伤，其中1人伤势较重；未将伤势较重当作重伤鉴定。,,,,,,,,,,,涉事驾驶人被控制，事故调查及善后进行中。,,,2026-06-15,,,,[],未知,官方转载,True,False,媒体调查／研究推断,LX26B20,2026-06-15,day,如东倒车操作不当冲撞丧事现场事故,江苏,南通,其他,驾车,excluded,政府通报明确系倒车操作不当造成，未有主动攻击人群证据。,"[""LXS26B29""]","{""date"": [""LXS26B29""], ""location"": [""LXS26B29""], ""casualties"": [""LXS26B29""], ""classification"": [""LXS26B29""], ""motive"": [], ""outcome"": [""LXS26B29""]}",,2026,,2026-X补查,,,,,,,,,[],,[],2026,2026-06,2026-Q2,排除,False,True,False,1,7,,,,
灌南县,,2,1,,,,2026-06-16,两名环卫工死亡，受伤1人为肇事车辆同车人员；分别说明身份以免误当行人伤者。,,路边作业的环卫工及同车乘员,23,女,,,,,,,司机被依法刑事拘留。,,,2026-06-16,,,,[],未知,官方转载,True,False,媒体调查／研究推断,LX26B21,2026-06-15,day,灌南醉驾碰撞环卫工人交通事故,江苏,连云港,街道交通,驾车,excluded,警方通报为醉酒驾驶导致道路交通事故，未见蓄意袭击公众的证据。,"[""LXS26B30""]","{""date"": [""LXS26B30""], ""location"": [""LXS26B30""], ""casualties"": [""LXS26B30""], ""classification"": [""LXS26B30""], ""motive"": [], ""outcome"": [""LXS26B30""]}",,2026,,2026-X补查,,,,,,,,,[],,[],2026,2026-06,2026-Q2,排除,False,True,False,2,1,,,,
,,,,,,,,,,,,,,,,,,,,,,2026-06-21,6月19日为摘要所述案发日，6月21日为发帖日；两者分开。仅社媒线索，不因场景公开就自动列核心。,,,[],未知,网传待核,False,False,媒体调查／研究推断,LX26B06,2026-06-19,day,网传无锡车展模特遭持刀袭击事件,江苏,无锡,商业场所,持械,pending,可检出的李老师帖文镜像摘要称车展发生持刀袭击，但原帖不可读、镜像正文访问失败，尚缺独立发生验证和袭击者与受害者关系。,"[""LXS26B06"", ""LXS26B07""]","{""date"": [""LXS26B06"", ""LXS26B07""], ""location"": [""LXS26B06"", ""LXS26B07""], ""casualties"": [], ""classification"": [""LXS26B06"", ""LXS26B07""], ""motive"": [], ""outcome"": []}",,2026,,2026-X补查,,,,,,,,,[],可检出的李老师帖文镜像摘要称车展发生持刀袭击，但原帖不可读、镜像正文访问失败，尚缺独立发生验证和袭击者与受害者关系。,"[""https://x.com/whyyoutouzhele/status/2068635036157644991""]",2026,2026-06,2026-Q2,待核实,False,True,False,0,0,,,,
金水区,,2,2,,,,2026-07-22,,,,,,,警方查明因经营纠纷实施放火。,,,,,涉嫌放火罪被检察机关批准逮捕。,,,2026-07-22,可确认主动纵火，不足以确定核心或扩展类别；本条待核针对关系而非否认发生。,,,"[""经营纠纷""]",警方初步通报,官方转载,True,False,媒体调查／研究推断,LX26B10,2026-06-19,day,郑州宏达国际车业广场经营纠纷放火案,河南,郑州,商业场所,纵火,pending,7月22日警方确认因经营纠纷纵火，但未披露死伤者与嫌疑人关系、原纠纷目标和起火时人员分布；商场受损及多人死伤本身不足以证明攻击无关公众。,"[""LXS26B12"", ""LXS26B13""]","{""date"": [""LXS26B12"", ""LXS26B13""], ""location"": [""LXS26B12"", ""LXS26B13""], ""casualties"": [""LXS26B12"", ""LXS26B13""], ""classification"": [""LXS26B12"", ""LXS26B13""], ""motive"": [""LXS26B12"", ""LXS26B13""], ""outcome"": [""LXS26B12"", ""LXS26B13""]}",,2026,,2026-X补查,,,,,,,,,"[""其他已披露背景""]",7月22日警方确认因经营纠纷纵火，但未披露死伤者与嫌疑人关系、原纠纷目标和起火时人员分布；商场受损及多人死伤本身不足以证明攻击无关公众。,[],2026,2026-06,2026-Q2,待核实,False,True,True,2,2,,,,
津南区,,,,,,,,,,,,,,,,,,,,,,2026-06-27,保留为社媒待核；不能把街头斗殴自动视为无差别攻击。,,,[],未知,网传待核,False,False,媒体调查／研究推断,LX26B22,2026-06-26,day,网传天津津南广场附近持刀斗殴线索,天津,天津,街道交通,持械,pending,单一社媒帖文描述多人相互冲突及疑似持刀，没有独立发生验证，也未说明是否涉及原纠纷之外的旁人。,"[""LXS26B33""]","{""date"": [""LXS26B33""], ""location"": [""LXS26B33""], ""casualties"": [], ""classification"": [""LXS26B33""], ""motive"": [], ""outcome"": []}",,2026,,2026-X补查,,,,,,,,,[],单一社媒帖文描述多人相互冲突及疑似持刀，没有独立发生验证，也未说明是否涉及原纠纷之外的旁人。,"[""https://x.com/whyyoutouzhele/status/2070839570053095833""]",2026,2026-06,2026-Q2,待核实,False,True,False,0,0,,,,
朝阳区,,0,13,,1,,2026-06-27,官方公布唯一死亡者为驾驶员，单列在行为人死亡字段；其余现场13人受伤。行为人是否构成主动袭击者仍待分类核实。,,,66,男,自由职业者,官方调查指个人原因，并称日记多次表露自杀想法；未据此认定报复社会。,官方通报描述长期失眠焦虑，未见疾病诊断结论。,,,,驾驶员死亡；官方调查认定为危害公共安全案件。,,,2026-07-02,网络关于驾驶员与中信雇佣或纠纷关系没有可核来源，不纳入事实。,,,[],警方初步通报,官方转载,True,False,媒体调查／研究推断,LX26B23,2026-06-26,day,北京中信大厦轻型飞机撞楼事件,北京,北京,商业场所,其他,pending,官方确认危害公共安全案件并披露自杀意念，未充分说明驾驶者是否主动以楼内公众为攻击对象。自杀故意不等于伤人故意，保留待核。,"[""LXS26B34"", ""LXS26B35"", ""LXS26B36""]","{""date"": [""LXS26B35""], ""location"": [""LXS26B34"", ""LXS26B35""], ""casualties"": [""LXS26B35""], ""classification"": [""LXS26B34"", ""LXS26B35""], ""motive"": [""LXS26B34""], ""outcome"": [""LXS26B34""]}",,2026,,2026-X补查,,,,,,,,,[],官方确认危害公共安全案件并披露自杀意念，未充分说明驾驶者是否主动以楼内公众为攻击对象。自杀故意不等于伤人故意，保留待核。,"[""https://x.com/whyyoutouzhele/status/2070491014016520660""]",2026,2026-06,2026-Q2,待核实,False,True,True,0,13,,,,
寿县,,,,,,,,,,,,,,,,,,,,,,2026-06-28,补查命中2025年2月另一幼儿园校车起火旧案，时间和地点不符，未用旧案充当本条证据。,,,[],未知,网传待核,False,False,媒体调查／研究推断,LX26B24,2026-06-27,day,网传寿县京师幼儿园遭袭线索,安徽,淮南,校园及周边,其他,pending,只检出论坛标题，发生本身、作案方式、伤亡和受害对象均不可核实；学校名称不能代替发生或随机性证据。,"[""LXS26B37""]","{""date"": [""LXS26B37""], ""location"": [""LXS26B37""], ""casualties"": [], ""classification"": [""LXS26B37""], ""motive"": [], ""outcome"": []}",,2026,,2026-X补查,,,,,,,,,[],只检出论坛标题，发生本身、作案方式、伤亡和受害对象均不可核实；学校名称不能代替发生或随机性证据。,[],2026,2026-06,2026-Q2,待核实,False,True,False,0,0,,,,
滕州市,,,,,,,,,,,,,,,,,,,,,,2026-07-03,有关先杀家人后伤路人的说法只作为待查方向；日期、地点亦依单源报道保留，不能纳入已核实统计。,,,[],未知,网传待核,False,False,媒体调查／研究推断,LX26B07,2026-06-28,day,网传滕州和馨园及世茂商城附近持刀伤人线索,山东,枣庄,街道交通,持械,pending,报道仅汇总网传影像和说法，家庭纠纷、继续攻击街头旁人及伤亡均没有独立证实；缺足以确定是否同一连续案件的证据。,"[""LXS26B08""]","{""date"": [""LXS26B08""], ""location"": [""LXS26B08""], ""casualties"": [], ""classification"": [""LXS26B08""], ""motive"": [], ""outcome"": []}",,2026,,2026-X补查,,,,,,,,,[],报道仅汇总网传影像和说法，家庭纠纷、继续攻击街头旁人及伤亡均没有独立证实；缺足以确定是否同一连续案件的证据。,[],2026,2026-06,2026-Q2,待核实,False,True,False,0,0,,,,
晋江市,,28,,,,,2026-07-10,28名死者包含送医后不治的2人，未另列受伤存活者人数；不采用社媒夸大数字。,,厂内人员；没有已认定的袭击者,,,,,,,,消防疏散及救援,政府启动事故调查和善后。,,,2026-07-17,method留空表示没有证实纵火，不将报道火灾直接编码为主动攻击。,,,[],未知,官方原文,True,False,火灾事实官方／主动袭击待核,LX26C08,2026-07-09,day,晋江辉腾鞋业厂房火灾及纵火传言,福建,泉州,其他,,pending,政府发布会确认重大厂房火灾及伤亡，但起火原因尚未查清；网上纵火／报复说法缺少可验证行为人、起火过程或调查结论。只列待核火灾线索。,"[""LXS26C18"", ""LXS26C20""]","{""date"": [""LXS26C18""], ""location"": [""LXS26C18""], ""casualties"": [""LXS26C18""], ""classification"": [""LXS26C18"", ""LXS26C20""], ""motive"": [], ""outcome"": [""LXS26C18""]}",,2026,,2026-X补查,,,,,,,,,[],政府发布会确认重大厂房火灾及伤亡，但起火原因尚未查清；网上纵火／报复说法缺少可验证行为人、起火过程或调查结论。只列待核火灾线索。,[],2026,2026-07,2026-Q3,待核实,False,True,False,28,0,,,,
思明区,城市,,,,,,,不采用网传死亡或多人行凶人数。,,,,男,,,,,,,,,,2026-07-14,案发日采用文中网传7月11日，未经独立验证；7月14日是文章发布时间。,,,[],未知,网传待核,False,False,网传／待核,LX26C01,2026-07-11,day,网传厦门东浦路持刀伤人事件,福建,厦门,街道交通,持械,pending,只有网络影像汇编可见；影像拍摄日期、袭击经过、攻击对象关系和伤亡均无官方或独立采集材料印证。,"[""LXS26C08""]","{""date"": [""LXS26C08""], ""location"": [""LXS26C08""], ""casualties"": [], ""classification"": [""LXS26C08""], ""motive"": [], ""outcome"": []}",,2026,,2026-X补查,,,,,,,,,[],只有网络影像汇编可见；影像拍摄日期、袭击经过、攻击对象关系和伤亡均无官方或独立采集材料印证。,[],2026,2026-07,2026-Q3,待核实,False,True,False,0,0,,,,
钱塘区,城市,1,,,,,2026-07-13,警方确认甜品店店主死亡1人；未单列其他非致命伤人数，injured由0改为null。,,,54,男,纺织厂员工,,,,,,金某某当日上午被抓获并刑拘。,,,2026-07-13,同日网传叙述误称外卖员冲突及有人在逃，与警方公布54岁纺织厂员工当日上午被抓不符；这些传言不用于关系、职业或结局认定。现场为商业场所本身不足证明随机。,,,[],未知,官方转载,True,False,媒体调查／研究推断,C028,2026-07-13,day,杭州钱塘甜品店门口持刀杀人案,浙江,杭州,商业场所,持械,pending,确认店主遇害，但双方关系与攻击选择机制未披露；暂不能认定随机或特定纠纷。,"[""CS038"", ""LXS26C08""]","{""date"": [""CS038""], ""location"": [""CS038""], ""casualties"": [""CS038""], ""classification"": [""CS038""], ""motive"": [], ""outcome"": [""CS038""]}",,,,2026-X补查,,,,,,,,,[],确认店主遇害，但双方关系与攻击选择机制未披露；暂不能认定随机或特定纠纷。,[],2026,2026-07,2026-Q3,待核实,False,True,False,1,0,,,,
古雷港经济开发区,,,1,,,,2026-07-17,警方称伤情稳定，未给法定重伤鉴定。,,87岁拾荒老人，与施暴者关系未知,35,女,,,,,,警方到场控制嫌疑人、安排送医,案件办理中。,,,2026-07-17,,,,[],未知,官方转载,True,False,警方确认发生／对象关系待核,LX26C15,2026-07-14,day,漳州古雷新港城拾荒老人被殴打案,福建,漳州,社区住宅,持械,pending,警方确认殴打及一名伤者；尚无可读材料说明施暴者与老人此前关系、起因及选择机制，不能仅因老人弱势而认定随机。,"[""LXS26C26""]","{""date"": [""LXS26C26""], ""location"": [""LXS26C26""], ""casualties"": [""LXS26C26""], ""classification"": [""LXS26C26""], ""motive"": [], ""outcome"": [""LXS26C26""]}",,2026,,2026-X补查,,,,,,,,,[],警方确认殴打及一名伤者；尚无可读材料说明施暴者与老人此前关系、起因及选择机制，不能仅因老人弱势而认定随机。,[],2026,2026-07,2026-Q3,待核实,False,True,False,0,1,,,,
城厢区,,0,0,,,,2026-07-15,缓存稿引当地政府称无人员伤亡；需在可访问正文再次核对。,,,,,,,,,,,缓存稿称嫌疑人已被警方控制。,,,2026-07-15,爆燃是纵火的据报后果，未推断另有独立爆炸装置；不将财产纵火自动纳为针对不特定公众的袭击。,,,[],未知,单一媒体,False,False,单一媒体缓存／攻击对象待核,LX26C10,2026-07-15,day,莆田灵川镇烟花爆竹仓库纵火线索,福建,莆田,其他,纵火,pending,新京报采访部门称人为纵火，但本轮只读取到搜索缓存完整短稿，原文访问失败；是否以现场人员或无关公众为攻击对象亦不明，暂列待核。,"[""LXS26C21""]","{""date"": [""LXS26C21""], ""location"": [""LXS26C21""], ""casualties"": [""LXS26C21""], ""classification"": [""LXS26C21""], ""motive"": [], ""outcome"": [""LXS26C21""]}",,2026,,2026-X补查,,,,,,,,,[],新京报采访部门称人为纵火，但本轮只读取到搜索缓存完整短稿，原文访问失败；是否以现场人员或无关公众为攻击对象亦不明，暂列待核。,[],2026,2026-07,2026-Q3,待核实,False,True,False,0,0,,,,
晋江市,,0,0,,,,2026-07-16,仅初报“暂无人员被困或受伤”，非最终事故结案人数。,,,,,,,,,,,消防扑救。,,,2026-07-17,,,,[],未知,官方转载,True,False,火灾事实官方／主动袭击待核,LX26C09,2026-07-16,day,晋江池店唐厝废品收购站火灾及纵火传言,福建,泉州,其他,,pending,官方可确认废品站火灾；将其称工厂遭报复的社交说法未给可查证纵火证据，主动袭击性质未知。,"[""LXS26C19"", ""LXS26C20""]","{""date"": [""LXS26C19""], ""location"": [""LXS26C19""], ""casualties"": [""LXS26C19""], ""classification"": [""LXS26C19"", ""LXS26C20""], ""motive"": [], ""outcome"": [""LXS26C19""]}",,2026,,2026-X补查,,,,,,,,,[],官方可确认废品站火灾；将其称工厂遭报复的社交说法未给可查证纵火证据，主动袭击性质未知。,[],2026,2026-07,2026-Q3,待核实,False,True,False,0,0,,,,
平江县,,2,,,1,,2026-07-17,两名店内死者与一名纵火嫌疑人分列，不能把总死亡3人当作受害者死亡3人；未给非致命伤人数。,,店内两人，身份及与纠纷关系未披露,42,男,,警方初查称与店主存在矛盾纠纷后纵火，细节未知。,,,,民警与消防赶赴灭火,嫌疑人寻某当场死亡；侦办中。,,,2026-07-17,不采信来源时间异常的内部通报截图作为两位受害者身份结论。,,,"[""商业纠纷""]",警方初步通报,官方转载,True,False,警方确认纵火／受害关系待核,LX26C05,2026-07-17,day,湖南平江老城区店铺纵火案,湖南,岳阳,商业场所,纵火,pending,警方确认店主纠纷引发纵火并造成店内两人死亡；通报未说明两人与原纠纷关系。儿女被害说法仅有网传，尚不足确认扩及无关人员。,"[""LXS26C14"", ""LXS26C34""]","{""date"": [""LXS26C14""], ""location"": [""LXS26C14""], ""casualties"": [""LXS26C14""], ""classification"": [""LXS26C14"", ""LXS26C34""], ""motive"": [""LXS26C14""], ""outcome"": [""LXS26C14""]}",,2026,,2026-X补查,,,,,,,,,"[""其他已披露背景""]",警方确认店主纠纷引发纵火并造成店内两人死亡；通报未说明两人与原纠纷关系。儿女被害说法仅有网传，尚不足确认扩及无关人员。,[],2026,2026-07,2026-Q3,待核实,False,True,True,2,0,,,,
洪雅县,,0,0,,,,2026-07-26,数字来自媒体搜索缓存转述无人员被困伤亡，标记原文待复核。,,,,,,,,,,,,,,2026-09-09,没有将未经核实的欠薪年限、金额及人数写入事实字段。,,,[],未知,单一媒体,False,False,官方报道缓存／主动袭击待核,LX26C18,2026-07-26,day,洪雅玉屏山森林火灾及讨薪纵火传言,四川,眉山,公园广场,,pending,媒体缓存转述管护站火情通报，但原文访问失败；网传欠薪聊天截图不能独立确认行为人、纵火行为或对公众攻击目标。,"[""LXS26C27"", ""LXS26C30""]","{""date"": [""LXS26C30""], ""location"": [""LXS26C30""], ""casualties"": [""LXS26C30""], ""classification"": [""LXS26C27"", ""LXS26C30""], ""motive"": [], ""outcome"": []}",,2026,,2026-X补查,,,,,,,,,[],媒体缓存转述管护站火情通报，但原文访问失败；网传欠薪聊天截图不能独立确认行为人、纵火行为或对公众攻击目标。,[],2026,2026-07,2026-Q3,待核实,False,True,False,0,0,,,,
,,,,,,,,,,比赛对手,,,,,,,,,,,,2026-07-29,保留李老师帖的转载线索；不公开未成年选手姓名，未以网友标签认定随机袭击，处罚内容尚待协会原通报。,,,[],未知,网传待核,False,False,网传／待核,LX26C13,2026-07-27,day,江苏青少年乒乓球选拔赛赛后殴打对手线索,江苏,,其他,其他,excluded,可读转载描述赛后失利选手攻击获胜对手，属于特定比赛冲突，没有伤及无关人员线索。,"[""LXS26C24""]","{""date"": [""LXS26C24""], ""location"": [""LXS26C24""], ""casualties"": [], ""classification"": [""LXS26C24""], ""motive"": [], ""outcome"": []}",,2026,,2026-X补查,,,,,,,,,[],,[],2026,2026-07,2026-Q3,排除,False,True,False,0,0,,,,
西平县,,1,,,,,2026-08-02,警方称邻居死亡、亲属伤情稳定，未给受伤亲属人数，故injured留空。,,邻居及其亲属，邻里纠纷对象,51,男,,警方初查为邻里矛盾引发争执。,,,,,央视网8月8日标题确认嫌疑人已抓获。,,,2026-08-08,,,,"[""邻里纠纷""]",警方初步通报,官方转载,True,True,警方初步通报,LX26C06,2026-07-30,day,河南西平西关社区邻里纠纷持刀案,河南,驻马店,社区住宅,持械,excluded,警方描述因邻里矛盾针对邻居及其亲属，现有材料未显示攻击与该纠纷无关公众。,"[""LXS26C15"", ""LXS26C16""]","{""date"": [""LXS26C15""], ""location"": [""LXS26C15""], ""casualties"": [""LXS26C15""], ""classification"": [""LXS26C15"", ""LXS26C16""], ""motive"": [""LXS26C15""], ""outcome"": [""LXS26C16""]}",,2026,,2026-X补查,,,,,,,,,"[""其他已披露背景""]",,[],2026,2026-07,2026-Q3,排除,True,True,True,1,0,,,,
黄岛区,,0,0,,,,2026-08-02,,,,,,,,,,,,消防等部门扑救，原因调查。,,,2026-09-09,初期网传称轮胎厂，实际通报主体为供应链企业仓库。,,,[],未知,官方转载,True,False,火灾事实官方／主动袭击待核,LX26C19,2026-08-02,day,青岛象屿速传仓库火灾及讨薪纵火传言,山东,青岛,其他,,pending,地方发布通报确认仓库火灾且原因调查中；员工讨薪纵火传言无独立核实，不以燃烧规模或爆燃声推定主动袭击。,"[""LXS26C27"", ""LXS26C31""]","{""date"": [""LXS26C31""], ""location"": [""LXS26C31""], ""casualties"": [""LXS26C31""], ""classification"": [""LXS26C27"", ""LXS26C31""], ""motive"": [], ""outcome"": [""LXS26C31""]}",,2026,,2026-X补查,,,,,,,,,[],地方发布通报确认仓库火灾且原因调查中；员工讨薪纵火传言无独立核实，不以燃烧规模或爆燃声推定主动袭击。,[],2026,2026-08,2026-Q3,待核实,False,True,False,0,0,,,,
青秀区,城市,,1,,,,2026-08-11,伤者当时暂无生命危险；未报最终伤情。,,纠纷对象,39,男,,警方初查：因纠纷伤害特定女子，纠纷内容未公布。,,,,,8月11日凌晨3时许抓获嫌疑人。,,,2026-08-11,,,,"[""人际纠纷""]",警方初步通报,官方转载,True,True,警方初步通报,LX26C04,2026-08-10,day,南宁民族大道商场旁纠纷持刀伤人案,广西,南宁,商业场所,持械,excluded,警方初查明确因纠纷针对一名特定女子，未披露扩大到无关旁人的伤害。,"[""LXS26C13""]","{""date"": [""LXS26C13""], ""location"": [""LXS26C13""], ""casualties"": [""LXS26C13""], ""classification"": [""LXS26C13""], ""motive"": [""LXS26C13""], ""outcome"": [""LXS26C13""]}",,2026,,2026-X补查,,,,,,,,,"[""其他已披露背景""]",,[],2026,2026-08,2026-Q3,排除,True,True,True,0,1,,,,
,城市,,,,,,,,,,,,,,,,,,据网传乘客控制后警方到场。,,,2026-08-18,不把喊话等同确定动机，不依据网友猜测填写精神健康诊断。,,,[],未知,网传待核,False,False,网传／待核,LX26C11,2026-08-16,day,网传南京地铁3号线男子拉制动及威胁事件,江苏,南京,公共交通,其他,excluded,现有网传内容为拉紧急制动、踹门及威胁喊话，没有已实施针对他人的主动袭击；按未实施伤人威胁排除，保留来源供后续修订。,"[""LXS26C22""]","{""date"": [""LXS26C22""], ""location"": [""LXS26C22""], ""casualties"": [], ""classification"": [""LXS26C22""], ""motive"": [], ""outcome"": [""LXS26C22""]}",,2026,,2026-X补查,,,,,,,,,[],,[],2026,2026-08,2026-Q3,排除,False,True,False,0,0,,,,
锦屏县,,,,,,,2026-08-17,仅通报伤者均送医且无生命危险，未公布人数。,,,,,,,,,,,警方调查交通事故。,,,2026-08-17,,,,[],未知,官方转载,True,True,警方初步通报,LX26C07,2026-08-17,day,贵州锦屏三江镇越野车失控伤人事故,贵州,黔东南,街道交通,驾车,excluded,警方初步核查为车辆失控导致道路交通事故；未发现主动选择人群撞击的可靠证据，不能凭多人倒地影像认定故意袭击。,"[""LXS26C17""]","{""date"": [""LXS26C17""], ""location"": [""LXS26C17""], ""casualties"": [""LXS26C17""], ""classification"": [""LXS26C17""], ""motive"": [], ""outcome"": [""LXS26C17""]}",,2026,,2026-X补查,,,,,,,,,[],,[],2026,2026-08,2026-Q3,排除,True,True,False,0,0,,,,
城东区,城市,,2,,,,2026-08-20,新京报报道两人被划伤；人数由可靠媒体转引警方处置报道，非完整最终伤情鉴定。死亡、重伤及嫌疑人是否受伤仍未知；网传十余或二十余伤未采用。,,最初为发生冲突的摊主，随后为前来劝架者。,,,,目击者采访称与摊主冲突，进一步起因未披露。,,,,外卖骑手于荣先放置餐品后用电动车撞倒持刀者，群众合力控制并报警急救。,警方采取强制措施并立案；于荣先获见义勇为认定的后续官方媒体报道可检索。,,,2026-08-26,8月18日晚案发、19日凌晨上传视频：人民日报采访解释了早期日期冲突。两伤采用新京报报道，不采用同源社媒夸大数字。没有把骑手或其他未报告受伤的制止者算入伤者；其职业与年龄不填入袭击者字段。青海日报认定报道本轮原文重定向失败，只有摘要可见。,,,"[""人际纠纷""]",媒体调查,多源媒体,True,False,媒体调查：原纠纷扩大至劝架者,C041,2026-08-18,day,西宁街头持刀伤人及群众制止事件,青海,西宁,街道交通,持械,expanded,华商报大风新闻采访多名目击者称，持刀者先与摊主冲突并将其刺伤，又刺伤随后前来劝架的人。人民日报、极目等对制止者的采访及新京报引警方资料核实该次持刀伤人；原纠纷扩大到劝架者，符合expanded。此为依据媒体调查的研究分类，非官方随机袭击定性。,"[""CS052"", ""CS053"", ""LXS26C04"", ""LXS26C05"", ""LXS26C06"", ""LXS26C07"", ""LXS26C33"", ""LXS26C35""]","{""date"": [""LXS26C04"", ""LXS26C05"", ""LXS26C07""], ""location"": [""LXS26C04"", ""LXS26C05"", ""LXS26C07""], ""casualties"": [""LXS26C06""], ""classification"": [""LXS26C07"", ""LXS26C04"", ""LXS26C05"", ""LXS26C06""], ""motive"": [""LXS26C07""], ""outcome"": [""LXS26C04"", ""LXS26C06"", ""LXS26C35""]}",,,当事人与目击者采访为2026-08-18约21时；不是精确时间。19日凌晨为视频上传时间。,2026-X补查,,,,,,华商报大风新闻目击者采访,,,"[""其他已披露背景""]",,"[""https://x.com/MIYESAC/status/2089830704477548850""]",2026,2026-08,2026-Q3,纠纷扩大,False,True,True,0,2,,,,
,,,,,,,,,,,,,,,,,,,,,,2026-08-20,原X status URL已从新唐人嵌入链接恢复，原站返回空正文；镜像与转载不算第二独立来源。,,,[],未知,网传待核,False,False,媒体调查／研究推断,C042,2026-08-18,day,网传汕头陈厝合持刀伤人事件,广东,汕头,社区住宅,持械,pending,现有材料仍为同一组社交视频及转载，可见有人受伤和现场处置的报道，但拍摄日期、被害关系及人数未独立确认；不采用十余伤传言。,"[""CS053"", ""LXS26C32""]","{""date"": [""CS053"", ""LXS26C32""], ""location"": [""CS053""], ""casualties"": [], ""classification"": [""CS053"", ""LXS26C32""], ""motive"": [], ""outcome"": []}",,,,2026-X补查,,,,,,,,,[],现有材料仍为同一组社交视频及转载，可见有人受伤和现场处置的报道，但拍摄日期、被害关系及人数未独立确认；不采用十余伤传言。,"[""https://x.com/MKBKCOM/status/2090022453246382399""]",2026,2026-08,2026-Q3,待核实,False,True,False,0,0,,,,
电白区,,,,,,,,,,,,男,,,,,,,,,,2026-08-20,8月19日采用既有CS053叙述，尚未取得当地官方通报；不录入未核钱款或私生活指控。,,,[],未知,网传待核,False,False,网传／待核,LX26C14,2026-08-19,day,网传茂名电城海景明珠持刀伤人事件,广东,茂名,社区住宅,持械,pending,仅有网络影像及转述；一名男子攻击女子的日期、伤亡及双方关系未独立核实；情感纠纷传言不能直接作为排除或核心认定。,"[""LXS26C25"", ""CS053""]","{""date"": [""CS053""], ""location"": [""CS053""], ""casualties"": [], ""classification"": [""LXS26C25"", ""CS053""], ""motive"": [], ""outcome"": []}",,2026,,2026-X补查,,,,,,,,,[],仅有网络影像及转述；一名男子攻击女子的日期、伤亡及双方关系未独立核实；情感纠纷传言不能直接作为排除或核心认定。,"[""https://x.com/newszg_official/status/2090085905876795776""]",2026,2026-08,2026-Q3,待核实,False,True,False,0,0,,,,
玉州区,城市,,1,,,,2026-08-21,采用警方一人受伤、无生命危险口径；网传带孩子同行不等于儿童受伤。,,网传陌生女子，关系尚未独立核实,,,,,,,,现场控制嫌疑人,韦某被当场控制，案件进一步侦办中；未见通报说明具体强制措施。,,,2026-08-22,MNewsTV与新唐人共享同组图像和说法，不作为第二独立证据；儿童是否直接被袭未知。,,,[],未知,官方转载,True,False,警方确认发生／对象关系待核,LX26C03,2026-08-20,day,玉林玉州路女子遇袭案,广西,玉林,街道交通,持械,pending,警方确认故意伤害、一人受伤；社媒称从背后袭击扫车女子且双方不识，但材料为同一网民／截图链条，未核实身份关系及完整攻击前因。,"[""LXS26C11"", ""LXS26C12"", ""LXS26C36""]","{""date"": [""LXS26C11""], ""location"": [""LXS26C11""], ""casualties"": [""LXS26C11""], ""classification"": [""LXS26C11"", ""LXS26C12"", ""LXS26C36""], ""motive"": [], ""outcome"": [""LXS26C11""]}",,2026,,2026-X补查,,,,,,,,,[],警方确认故意伤害、一人受伤；社媒称从背后袭击扫车女子且双方不识，但材料为同一网民／截图链条，未核实身份关系及完整攻击前因。,[],2026,2026-08,2026-Q3,待核实,False,True,False,0,1,,,,
南明区,,,1,,,,2026-09-06,警方称唯一公开伤者病情稳定、无生命危险；没有最终伤情鉴定。,,医生；是否曾与袭击者存在诊疗关系待核,,,,网传患者不满诊疗、寻找另一名医生未果；尚无可核实动机结论。,,,,警方现场控制嫌疑人,胡某被刑事拘留，案件办理中。,,,2026-09-06,不因媒体称伤势重而填写法定重伤人数。,,,[],未知,官方转载,True,False,警方确认发生／对象关系待核,LX26C02,2026-09-04,day,贵阳贵州中医大二附院红岩院区医生遇刺案,贵州,贵阳,医疗机构,持械,pending,警方及记者联系院方、卫健委可确认伤医事件；患者找不到原诊疗医生转刺其他科医生的说法尚停留在稿件转引网传，未核实原医患关系和替代攻击经过，因此暂不升为expanded。,"[""LXS26C09"", ""LXS26C10""]","{""date"": [""LXS26C09""], ""location"": [""LXS26C09""], ""casualties"": [""LXS26C09""], ""classification"": [""LXS26C09"", ""LXS26C10""], ""motive"": [""LXS26C10""], ""outcome"": [""LXS26C09""]}",,2026,,2026-X补查,,,,,,网传待核,,,[],警方及记者联系院方、卫健委可确认伤医事件；患者找不到原诊疗医生转刺其他科医生的说法尚停留在稿件转引网传，未核实原医患关系和替代攻击经过，因此暂不升为expanded。,[],2026,2026-09,2026-Q3,待核实,False,True,False,0,1,,,,
包河区,,0,0,,,,2026-09-09,,,,,,,,,,,,9月9日0:40火势受控。,,,2026-09-09,案发采用消防报警日9月8日，非报道9月9日，更不采用社交帖的9月10日。,,,[],未知,官方转载,True,False,火灾事实官方／主动袭击待核,LX26C16,2026-09-08,day,合肥包河仓库火灾及报复纵火传言,安徽,合肥,其他,,pending,消防确认火灾，尚未披露起因；报复纵火说法来自未核实社媒，缺少行为人、行为及攻击目标证据。,"[""LXS26C27"", ""LXS26C28""]","{""date"": [""LXS26C28""], ""location"": [""LXS26C28""], ""casualties"": [""LXS26C28""], ""classification"": [""LXS26C27"", ""LXS26C28""], ""motive"": [], ""outcome"": [""LXS26C28""]}",,2026,,2026-X补查,,,,,,,,,[],消防确认火灾，尚未披露起因；报复纵火说法来自未核实社媒，缺少行为人、行为及攻击目标证据。,[],2026,2026-09,2026-Q3,待核实,False,True,False,0,0,,,,
,,0,0,,,,2026-09-08,截至早间消防初报暂未发现人员伤亡，不能解释为最终结案统计。,,,,,,,,,,,消防称火势得到有效控制。,,,2026-09-09,,,,[],未知,官方转载,True,False,火灾事实官方／主动袭击待核,LX26C17,2026-09-08,day,蚌埠高华电子厂房火灾及讨薪纵火传言,安徽,蚌埠,其他,,pending,消防确认高新区厂房火灾，但原因未公布；讨薪员工纵火说法只在社媒汇编出现，无可核实行为人及调查结论。,"[""LXS26C27"", ""LXS26C29""]","{""date"": [""LXS26C29""], ""location"": [""LXS26C29""], ""casualties"": [""LXS26C29""], ""classification"": [""LXS26C27"", ""LXS26C29""], ""motive"": [], ""outcome"": [""LXS26C29""]}",,2026,,2026-X补查,,,,,,,,,[],消防确认高新区厂房火灾，但原因未公布；讨薪员工纵火说法只在社媒汇编出现，无可核实行为人及调查结论。,[],2026,2026-09,2026-Q3,待核实,False,True,False,0,0,,,,
定兴县,,,,,,,,,,网传与店家发生冲突,,,,,,,,,,,,,帖文采用相对发布时间，未据此臆定发帖日期；案发9月13日仅来自帖文文字。,,,[],未知,网传待核,False,False,网传／待核,LX26C12,2026-09-13,day,网传保定定兴火锅店外卖员持刀冲突,河北,保定,商业场所,持械,pending,镜像只描述持刀与店家冲突，未确认实施伤害，也未显示攻击无关旁人；发生细节、伤亡及对象关系待核。,"[""LXS26C23""]","{""date"": [""LXS26C23""], ""location"": [""LXS26C23""], ""casualties"": [], ""classification"": [""LXS26C23""], ""motive"": [], ""outcome"": []}",,2026,,2026-X补查,,,,,,,,,[],镜像只描述持刀与店家冲突，未确认实施伤害，也未显示攻击无关旁人；发生细节、伤亡及对象关系待核。,[],2026,2026-09,2026-Q3,待核实,False,True,False,0,0,,,,
番禺区,城市,0,,,,,2026-09-14,警方称所有伤者均无生命危险，未公开人数；不采用网传伤者人数、多人团伙或死亡说法。,,,35,男,,,,,,,李某被抓获，案件侦办中。,,,2026-09-15,李老师镜像可读多条受伤现场和抓获地点投稿，但同一投稿链不累计为独立来源。财新仅开放导语，未把付费全文视作已核验。所谓逃至广东工业大学西区食堂被抓仍为投稿层次。动机、多人作案及纸条传闻未证实。,,,[],未知,官方原文,True,False,媒体调查／研究推断,C024,2026-09-14,day,广州小谷围街火锅店门口持刀伤人案,广东,广州,商业场所,持械,pending,警方原文确认持刀伤人。多帖及网传图像指向在商业区袭击行人，但本轮未取得可验证连续攻击过程、被害人与行凶者关系的独立采访或现场原始证据；目前不足区分陌生公众袭击与定向纠纷。不是仅因通报未使用“随机”字样而待核。,"[""CS034"", ""LXS26C01"", ""LXS26C02"", ""LXS26C03""]","{""date"": [""CS034"", ""LXS26C01""], ""location"": [""CS034"", ""LXS26C01"", ""LXS26C02""], ""casualties"": [""CS034"", ""LXS26C01""], ""classification"": [""LXS26C01"", ""LXS26C02"", ""LXS26C03""], ""motive"": [], ""outcome"": [""CS034"", ""LXS26C01""]}",,,警方通报的17:20为110接报警时间，不是已核实的袭击发生时刻；案发日为2026-09-14。,2026-X补查,伤者均无生命危险，人数未公布,,,,,,,,[],警方原文确认持刀伤人。多帖及网传图像指向在商业区袭击行人，但本轮未取得可验证连续攻击过程、被害人与行凶者关系的独立采访或现场原始证据；目前不足区分陌生公众袭击与定向纠纷。不是仅因通报未使用“随机”字样而待核。,[],2026,2026-09,2026-Q3,待核实,False,True,False,0,0,,,,
